-- MySQL dump 10.13  Distrib 5.7.17, for Win64 (x86_64)
--
-- Host: us-cdbr-sl-dfw-01.cleardb.net    Database: ibmx_182848726624968
-- ------------------------------------------------------
-- Server version	5.6.36-log

/*!40101 SET @OLD_CHARACTER_SET_CLIENT=@@CHARACTER_SET_CLIENT */;
/*!40101 SET @OLD_CHARACTER_SET_RESULTS=@@CHARACTER_SET_RESULTS */;
/*!40101 SET @OLD_COLLATION_CONNECTION=@@COLLATION_CONNECTION */;
/*!40101 SET NAMES utf8 */;
/*!40103 SET @OLD_TIME_ZONE=@@TIME_ZONE */;
/*!40103 SET TIME_ZONE='+00:00' */;
/*!40014 SET @OLD_UNIQUE_CHECKS=@@UNIQUE_CHECKS, UNIQUE_CHECKS=0 */;
/*!40014 SET @OLD_FOREIGN_KEY_CHECKS=@@FOREIGN_KEY_CHECKS, FOREIGN_KEY_CHECKS=0 */;
/*!40101 SET @OLD_SQL_MODE=@@SQL_MODE, SQL_MODE='NO_AUTO_VALUE_ON_ZERO' */;
/*!40111 SET @OLD_SQL_NOTES=@@SQL_NOTES, SQL_NOTES=0 */;

--
-- Table structure for table `attachment`
--

DROP TABLE IF EXISTS `attachment`;
/*!40101 SET @saved_cs_client     = @@character_set_client */;
/*!40101 SET character_set_client = utf8 */;
CREATE TABLE `attachment` (
  `ATTACHMENTID` int(11) NOT NULL AUTO_INCREMENT,
  `FILENAME` varchar(255) DEFAULT NULL,
  `ATTACHMENTNAME` varchar(255) DEFAULT NULL,
  `ATTACHMENTDESCRIPTION` varchar(255) DEFAULT NULL,
  `CREATEDON` datetime DEFAULT NULL,
  `CREATEDBY` varchar(255) DEFAULT NULL,
  `CASEEVENTDETAILID` int(11) DEFAULT NULL,
  PRIMARY KEY (`ATTACHMENTID`),
  KEY `FKA7E145239BFC428F` (`CREATEDBY`),
  KEY `FKA7E14523FAC1902C` (`CASEEVENTDETAILID`),
  CONSTRAINT `FKA7E145239BFC428F` FOREIGN KEY (`CREATEDBY`) REFERENCES `user` (`USERNAME`),
  CONSTRAINT `FKA7E14523FAC1902C` FOREIGN KEY (`CASEEVENTDETAILID`) REFERENCES `caseeventdetail` (`CASEEVENTDETAILID`)
) ENGINE=InnoDB DEFAULT CHARSET=utf8;
/*!40101 SET character_set_client = @saved_cs_client */;

--
-- Dumping data for table `attachment`
--

LOCK TABLES `attachment` WRITE;
/*!40000 ALTER TABLE `attachment` DISABLE KEYS */;
/*!40000 ALTER TABLE `attachment` ENABLE KEYS */;
UNLOCK TABLES;

--
-- Table structure for table `caseeventdetail`
--

DROP TABLE IF EXISTS `caseeventdetail`;
/*!40101 SET @saved_cs_client     = @@character_set_client */;
/*!40101 SET character_set_client = utf8 */;
CREATE TABLE `caseeventdetail` (
  `CASEEVENTDETAILID` int(11) NOT NULL AUTO_INCREMENT,
  `SITTINGNO` int(11) DEFAULT NULL,
  `SESSIONNO` int(11) DEFAULT NULL,
  `EVENTDATE` date DEFAULT NULL,
  `LOGNOTES` longtext,
  `FTPLOCATION` varchar(255) DEFAULT NULL,
  `STARTTIME` datetime DEFAULT NULL,
  `ENDTIME` datetime DEFAULT NULL,
  `PRIVATENOTEFLAG` bit(1) DEFAULT NULL,
  `ATTACHMENTFLAG` bit(1) DEFAULT NULL,
  `CONFIDENTIAL` bit(1) DEFAULT NULL,
  `CASENO` varchar(255) DEFAULT NULL,
  `COURTID` int(11) DEFAULT NULL,
  `TONEANALYZE` longtext,
  `SENTIANALYZE` longtext,
  `INITIATED` varchar(255) DEFAULT NULL,
  `LINKCRIME` varchar(255) DEFAULT NULL,
  PRIMARY KEY (`CASEEVENTDETAILID`),
  KEY `FKE7FFF21B2D2F53F4` (`CASENO`),
  KEY `FKE7FFF21BCA02448C` (`COURTID`),
  CONSTRAINT `FKE7FFF21B2D2F53F4` FOREIGN KEY (`CASENO`) REFERENCES `caseinfo` (`CASENO`),
  CONSTRAINT `FKE7FFF21BCA02448C` FOREIGN KEY (`COURTID`) REFERENCES `court` (`COURTID`)
) ENGINE=InnoDB AUTO_INCREMENT=2981 DEFAULT CHARSET=utf8;
/*!40101 SET character_set_client = @saved_cs_client */;

--
-- Dumping data for table `caseeventdetail`
--

LOCK TABLES `caseeventdetail` WRITE;
/*!40000 ALTER TABLE `caseeventdetail` DISABLE KEYS */;
INSERT INTO `caseeventdetail` VALUES (2281,1,1,'2015-10-26','[{\"duration\":0,\"notes\":\"Recording Started\",\"speaker\":\"Officer : senzit123\",\"timestamp\":\"10/26/2015  11:22:23\"},{\"duration\":\"31\",\"notes\":\"So what did happen that night \",\"speaker\":\"Speaker 0\",\"timestamp\":\"10/26/2015  11:23:00\"},{\"duration\":\"32\",\"notes\":\"Darlene I discussed it. \",\"speaker\":\"Speaker 0\",\"timestamp\":\"10/26/2015  11:23:01\"},{\"duration\":\"32\",\"notes\":\"Earlier \",\"speaker\":\"Speaker 1\",\"timestamp\":\"10/26/2015  11:23:01\"},{\"duration\":\"34\",\"notes\":\"What what you are \",\"speaker\":\"Speaker 2\",\"timestamp\":\"10/26/2015  11:23:03\"},{\"duration\":\"37\",\"notes\":\"Darlene I discussed it earlier. \",\"speaker\":\"Speaker 0\",\"timestamp\":\"10/26/2015  11:23:06\"},{\"duration\":\"37\",\"notes\":\"My little boy payment \",\"speaker\":\"Speaker 1\",\"timestamp\":\"10/26/2015  11:23:06\"},{\"duration\":\"43\",\"notes\":\"What what you are. \",\"speaker\":\"Speaker 1\",\"timestamp\":\"10/26/2015  11:23:12\"},{\"duration\":\"43\",\"notes\":\"It was. \",\"speaker\":\"Speaker 0\",\"timestamp\":\"10/26/2015  11:23:12\"},{\"duration\":\"43\",\"notes\":\"I think on my shoulder and he was saying mommy \",\"speaker\":\"Speaker 1\",\"timestamp\":\"10/26/2015  11:23:12\"},{\"duration\":\"44\",\"notes\":\"My little boy. \",\"speaker\":\"Speaker 2\",\"timestamp\":\"10/26/2015  11:23:14\"},{\"duration\":\"44\",\"notes\":\"Payment. \",\"speaker\":\"Speaker 1\",\"timestamp\":\"10/26/2015  11:23:14\"},{\"duration\":\"44\",\"notes\":\"I sat straight at \",\"speaker\":\"Speaker 1\",\"timestamp\":\"10/26/2015  11:23:14\"},{\"duration\":\"46\",\"notes\":\"When he said that \",\"speaker\":\"Speaker 1\",\"timestamp\":\"10/26/2015  11:23:16\"},{\"duration\":\"48\",\"notes\":\"What what you are. \",\"speaker\":\"Speaker 0\",\"timestamp\":\"10/26/2015  11:23:18\"},{\"duration\":\"48\",\"notes\":\"My little boy. \",\"speaker\":\"Speaker 0\",\"timestamp\":\"10/26/2015  11:23:18\"},{\"duration\":\"48\",\"notes\":\"It was. \",\"speaker\":\"Speaker 1\",\"timestamp\":\"10/26/2015  11:23:18\"},{\"duration\":\"48\",\"notes\":\"I think on my shoulder. \",\"speaker\":\"Speaker 0\",\"timestamp\":\"10/26/2015  11:23:18\"},{\"duration\":\"48\",\"notes\":\"And he was saying mommy. \",\"speaker\":\"Speaker 1\",\"timestamp\":\"10/26/2015  11:23:18\"},{\"duration\":\"48\",\"notes\":\"And \",\"speaker\":\"Speaker 1\",\"timestamp\":\"10/26/2015  11:23:18\"},{\"duration\":\"53\",\"notes\":\"I saw I got it starting \",\"speaker\":\"Speaker 1\",\"timestamp\":\"10/26/2015  11:23:23\"},{\"duration\":\"55\",\"notes\":\"It was I think on my shoulder. \",\"speaker\":\"Speaker 0\",\"timestamp\":\"10/26/2015  11:23:25\"},{\"duration\":\"55\",\"notes\":\"I sat straight at. \",\"speaker\":\"Speaker 0\",\"timestamp\":\"10/26/2015  11:23:25\"},{\"duration\":\"55\",\"notes\":\"Walk away from me \",\"speaker\":\"Speaker 0\",\"timestamp\":\"10/26/2015  11:23:25\"},{\"duration\":\"61\",\"notes\":\"Walk away from me. \",\"speaker\":\"Speaker 1\",\"timestamp\":\"10/26/2015  11:23:31\"},{\"duration\":\"61\",\"notes\":\"Her neck wound is still visible yet she has no memory of the attack \",\"speaker\":\"Speaker 0\",\"timestamp\":\"10/26/2015  11:23:31\"},{\"duration\":\"66\",\"notes\":\"It was I think on my shoulder and he was saying mommy. \",\"speaker\":\"Speaker 1\",\"timestamp\":\"10/26/2015  11:23:36\"},{\"duration\":\"66\",\"notes\":\"At trial even Darley conceded it would be hard to sleep through it \",\"speaker\":\"Speaker 0\",\"timestamp\":\"10/26/2015  11:23:36\"},{\"duration\":\"70\",\"notes\":\"Yeah I mean how would anybody splinters \",\"speaker\":\"Speaker 1\",\"timestamp\":\"10/26/2015  11:23:41\"},{\"duration\":\"74\",\"notes\":\"At. \",\"speaker\":\"Speaker 1\",\"timestamp\":\"10/26/2015  11:23:45\"},{\"duration\":\"74\",\"notes\":\"The church so you dont remember. \",\"speaker\":\"Speaker 0\",\"timestamp\":\"10/26/2015  11:23:45\"},{\"duration\":\"74\",\"notes\":\"But I tell \",\"speaker\":\"Speaker 1\",\"timestamp\":\"10/26/2015  11:23:45\"},{\"duration\":\"78\",\"notes\":\"Can you imagine waking up at eight years with that man \",\"speaker\":\"Speaker 1\",\"timestamp\":\"10/26/2015  11:23:49\"},{\"duration\":\"79\",\"notes\":\"You \",\"speaker\":\"Speaker 1\",\"timestamp\":\"10/26/2015  11:23:50\"},{\"duration\":\"115\",\"notes\":\"What do you think happened that if you cant remember but you dont think you slept through it. \",\"speaker\":\"Speaker 0\",\"timestamp\":\"10/26/2015  11:24:32\"},{\"duration\":\"115\",\"notes\":\"I think that I tried to fight with a man and I think that either I mean consonants \",\"speaker\":\"Speaker 1\",\"timestamp\":\"10/26/2015  11:24:32\"},{\"duration\":\"117\",\"notes\":\"I think that many \",\"speaker\":\"Speaker 1\",\"timestamp\":\"10/26/2015  11:24:34\"},{\"duration\":\"120\",\"notes\":\"You know he slit my throat or whatever I think I \",\"speaker\":\"Speaker 1\",\"timestamp\":\"10/26/2015  11:24:37\"},{\"duration\":\"121\",\"notes\":\"Pat staff \",\"speaker\":\"Speaker 1\",\"timestamp\":\"10/26/2015  11:24:39\"},{\"duration\":\"125\",\"notes\":\"The prosecution made much of Charlie\'s inappropriate behavior \",\"speaker\":\"Speaker 0\",\"timestamp\":\"10/26/2015  11:24:43\"},{\"duration\":\"131\",\"notes\":\"For instance the first policeman on the scene testified early didnt seem concerned about Damon yet also \",\"speaker\":\"Speaker 0\",\"timestamp\":\"10/26/2015  11:24:50\"},{\"duration\":\"133\",\"notes\":\"I think. \",\"speaker\":\"Speaker 1\",\"timestamp\":\"10/26/2015  11:24:53\"},{\"duration\":\"133\",\"notes\":\"That. \",\"speaker\":\"Speaker 0\",\"timestamp\":\"10/26/2015  11:24:53\"},{\"duration\":\"133\",\"notes\":\"I tried to fight with a man and I think that either I mean consonants. \",\"speaker\":\"Speaker 1\",\"timestamp\":\"10/26/2015  11:24:53\"},{\"duration\":\"133\",\"notes\":\"An instrument weary no \",\"speaker\":\"Speaker 0\",\"timestamp\":\"10/26/2015  11:24:53\"},{\"duration\":\"141\",\"notes\":\"An instrument weary. \",\"speaker\":\"Speaker 0\",\"timestamp\":\"10/26/2015  11:25:02\"},{\"duration\":\"141\",\"notes\":\"No. \",\"speaker\":\"Speaker 1\",\"timestamp\":\"10/26/2015  11:25:02\"},{\"duration\":\"141\",\"notes\":\"All \",\"speaker\":\"Speaker 1\",\"timestamp\":\"10/26/2015  11:25:02\"},{\"duration\":\"157\",\"notes\":\"Recording Stopped\",\"speaker\":\"Officer : senzit123\",\"timestamp\":\"10/26/2015  11:25:20\"}]','Evidencer/IM001/Sitting 1/Session 2','2015-10-26 19:57:37','2015-10-26 19:57:55','\0','\0','','IM001',1001,'{\"document_tone\":{\"tones\":[{\"score\":0.531174,\"tone_id\":\"tentative\",\"tone_name\":\"Tentative\"},{\"score\":0.630914,\"tone_id\":\"analytical\",\"tone_name\":\"Analytical\"}]},\"sentences_tone\":[{\"sentence_id\":0,\"text\":\"Speaker 0 : So what did happen that night Speaker 0 : Darlene I discussed it.\",\"tones\":[]},{\"sentence_id\":1,\"text\":\"Speaker 1 : Earlier Speaker 2 : What what you are Speaker 0 : Darlene I discussed it earlier.\",\"tones\":[]},{\"sentence_id\":2,\"text\":\"Speaker 1 : My little boy payment Speaker 1 : What what you are.\",\"tones\":[]},{\"sentence_id\":3,\"text\":\"Speaker 0 : It was.\",\"tones\":[]},{\"sentence_id\":4,\"text\":\"Speaker 1 : I think on my shoulder and he was saying mommy Speaker 2 : My little boy.\",\"tones\":[]},{\"sentence_id\":5,\"text\":\"Speaker 1 : Payment.\",\"tones\":[]},{\"sentence_id\":6,\"text\":\"Speaker 1 : I sat straight at Speaker 1 : When he said that Speaker 0 : What what you are.\",\"tones\":[]},{\"sentence_id\":7,\"text\":\"Speaker 0 : My little boy.\",\"tones\":[]},{\"sentence_id\":8,\"text\":\"Speaker 1 : It was.\",\"tones\":[]},{\"sentence_id\":9,\"text\":\"Speaker 0 : I think on my shoulder.\",\"tones\":[{\"score\":0.801827,\"tone_id\":\"analytical\",\"tone_name\":\"Analytical\"}]},{\"sentence_id\":10,\"text\":\"Speaker 1 : And he was saying mommy.\",\"tones\":[{\"score\":0.640473,\"tone_id\":\"joy\",\"tone_name\":\"Joy\"}]},{\"sentence_id\":11,\"text\":\"Speaker 1 : And Speaker 1 : I saw I got it starting Speaker 0 : It was I think on my shoulder.\",\"tones\":[]},{\"sentence_id\":12,\"text\":\"Speaker 0 : I sat straight at.\",\"tones\":[]},{\"sentence_id\":13,\"text\":\"Speaker 0 : Walk away from me Speaker 1 : Walk away from me.\",\"tones\":[]},{\"sentence_id\":14,\"text\":\"Speaker 0 : Her neck wound is still visible yet she has no memory of the attack Speaker 1 : It was I think on my shoulder and he was saying mommy.\",\"tones\":[{\"score\":0.743089,\"tone_id\":\"fear\",\"tone_name\":\"Fear\"},{\"score\":0.532616,\"tone_id\":\"analytical\",\"tone_name\":\"Analytical\"}]},{\"sentence_id\":15,\"text\":\"Speaker 0 : At trial even Darley conceded it would be hard to sleep through it Speaker 1 : Yeah I mean how would anybody splinters Speaker 1 : At.\",\"tones\":[{\"score\":0.63124,\"tone_id\":\"sadness\",\"tone_name\":\"Sadness\"},{\"score\":0.698904,\"tone_id\":\"tentative\",\"tone_name\":\"Tentative\"}]},{\"sentence_id\":16,\"text\":\"Speaker 0 : The church so you don\'t remember.\",\"tones\":[]},{\"sentence_id\":17,\"text\":\"Speaker 1 : But I tell Speaker 1 : Can you imagine waking up at eight years with that man Speaker 1 : You Speaker 0 : What do you think happened that if you can\'t remember but you don\'t think you slept through it.\",\"tones\":[{\"score\":0.754612,\"tone_id\":\"analytical\",\"tone_name\":\"Analytical\"}]},{\"sentence_id\":18,\"text\":\"Speaker 1 : I think that I tried to fight with a man and I think that either I mean consonants Speaker 1 : I think that many Speaker 1 : You know he slit my throat or whatever I think I Speaker 1 : Pat staff Speaker 0 : The prosecution made much of Charlie\'s inappropriate behavior Speaker 0 : For instance the first policeman on the scene testified early didn\'t seem concerned about Damon yet also Speaker 1 : I think.\",\"tones\":[{\"score\":0.710357,\"tone_id\":\"analytical\",\"tone_name\":\"Analytical\"}]},{\"sentence_id\":19,\"text\":\"Speaker 0 : That.\",\"tones\":[]},{\"sentence_id\":20,\"text\":\"Speaker 1 : I tried to fight with a man and I think that either I mean consonants.\",\"tones\":[{\"score\":0.855572,\"tone_id\":\"analytical\",\"tone_name\":\"Analytical\"}]},{\"sentence_id\":21,\"text\":\"Speaker 0 : An instrument weary no\",\"tones\":[]}]}','{ \"usage\": {   \"text_units\": 1,   \"text_characters\": 1937,   \"features\": 3 }, \"sentiment\": {   \"document\": {     \"score\": -0.576951,     \"label\": \"negative\"   } }, \"language\": \"en\", \"keywords\": [   {     \"text\": \"Speaker\",     \"relevance\": 0.959074   },   {     \"text\": \"little boy\",     \"relevance\": 0.488436   },   {     \"text\": \"little boy payment\",     \"relevance\": 0.401733   },   {     \"text\": \"anybody splinters Speaker\",     \"relevance\": 0.392   },   {     \"text\": \"Pat staff Speaker\",     \"relevance\": 0.383507   },   {     \"text\": \"shoulder\",     \"relevance\": 0.377845   },   {     \"text\": \"neck wound\",     \"relevance\": 0.357877   },   {     \"text\": \"mommy\",     \"relevance\": 0.357196   },   {     \"text\": \"inappropriate behavior\",     \"relevance\": 0.35484   },   {     \"text\": \"night Speaker\",     \"relevance\": 0.352121   },   {     \"text\": \"mommy Speaker\",     \"relevance\": 0.351937   },   {     \"text\": \"Earlier Speaker\",     \"relevance\": 0.350701   },   {     \"text\": \"consonants Speaker\",     \"relevance\": 0.344195   },   {     \"text\": \"attack Speaker\",     \"relevance\": 0.344058   },   {     \"text\": \"man Speaker\",     \"relevance\": 0.337769   },   {     \"text\": \"Darlene\",     \"relevance\": 0.3335   },   {     \"text\": \"instrument\",     \"relevance\": 0.322754   },   {     \"text\": \"Darley\",     \"relevance\": 0.314866   },   {     \"text\": \"policeman\",     \"relevance\": 0.3138   },   {     \"text\": \"instance\",     \"relevance\": 0.312959   },   {     \"text\": \"church\",     \"relevance\": 0.312864   },   {     \"text\": \"throat\",     \"relevance\": 0.312536   },   {     \"text\": \"memory\",     \"relevance\": 0.312502   },   {     \"text\": \"trial\",     \"relevance\": 0.312366   },   {     \"text\": \"Damon\",     \"relevance\": 0.312359   },   {     \"text\": \"prosecution\",     \"relevance\": 0.312237   } ], \"entities\": [   {     \"type\": \"Person\",     \"text\": \"Darlene I\",     \"relevance\": 0.869252,     \"count\": 2   },   {     \"type\": \"Person\",     \"text\": \"Darley\",     \"relevance\": 0.551543,     \"count\": 1   },   {     \"type\": \"Person\",     \"text\": \"Charlie\",     \"relevance\": 0.492257,     \"count\": 1   },   {     \"type\": \"Person\",     \"text\": \"Damon\",     \"relevance\": 0.482618,     \"count\": 1   },   {     \"type\": \"Quantity\",     \"text\": \"eight years\",     \"relevance\": 0.482618,     \"count\": 1   } ]}','Smarter Judiciary',NULL),(2291,1,1,'2017-10-25','[{\"duration\":0,\"notes\":\"Recording Started\",\"speaker\":\"Writer : senzit123\",\"timestamp\":\"10/24/2017  11:22:23\"},{\"duration\":\"31\",\"notes\":\"So what did happen that night \",\"speaker\":\"Speaker 0\",\"timestamp\":\"10/24/2017  11:23:00\"},{\"duration\":\"32\",\"notes\":\"Darlene I discussed it. \",\"speaker\":\"Speaker 0\",\"timestamp\":\"10/24/2017  11:23:01\"},{\"duration\":\"32\",\"notes\":\"Earlier \",\"speaker\":\"Speaker 1\",\"timestamp\":\"10/24/2017  11:23:01\"},{\"duration\":\"34\",\"notes\":\"What what you are \",\"speaker\":\"Speaker 2\",\"timestamp\":\"10/24/2017  11:23:03\"},{\"duration\":\"37\",\"notes\":\"Darlene I discussed it earlier. \",\"speaker\":\"Speaker 0\",\"timestamp\":\"10/24/2017  11:23:06\"},{\"duration\":\"37\",\"notes\":\"My little boy payment \",\"speaker\":\"Speaker 1\",\"timestamp\":\"10/24/2017  11:23:06\"},{\"duration\":\"43\",\"notes\":\"What what you are. \",\"speaker\":\"Speaker 1\",\"timestamp\":\"10/24/2017  11:23:12\"},{\"duration\":\"43\",\"notes\":\"It was. \",\"speaker\":\"Speaker 0\",\"timestamp\":\"10/24/2017  11:23:12\"},{\"duration\":\"43\",\"notes\":\"I think on my shoulder and he was saying mommy \",\"speaker\":\"Speaker 1\",\"timestamp\":\"10/24/2017  11:23:12\"},{\"duration\":\"44\",\"notes\":\"My little boy. \",\"speaker\":\"Speaker 2\",\"timestamp\":\"10/24/2017  11:23:14\"},{\"duration\":\"44\",\"notes\":\"Payment. \",\"speaker\":\"Speaker 1\",\"timestamp\":\"10/24/2017  11:23:14\"},{\"duration\":\"44\",\"notes\":\"I sat straight at \",\"speaker\":\"Speaker 1\",\"timestamp\":\"10/24/2017  11:23:14\"},{\"duration\":\"46\",\"notes\":\"When he said that \",\"speaker\":\"Speaker 1\",\"timestamp\":\"10/24/2017  11:23:16\"},{\"duration\":\"48\",\"notes\":\"What what you are. \",\"speaker\":\"Speaker 0\",\"timestamp\":\"10/24/2017  11:23:18\"},{\"duration\":\"48\",\"notes\":\"My little boy. \",\"speaker\":\"Speaker 0\",\"timestamp\":\"10/24/2017  11:23:18\"},{\"duration\":\"48\",\"notes\":\"It was. \",\"speaker\":\"Speaker 1\",\"timestamp\":\"10/24/2017  11:23:18\"},{\"duration\":\"48\",\"notes\":\"I think on my shoulder. \",\"speaker\":\"Speaker 0\",\"timestamp\":\"10/24/2017  11:23:18\"},{\"duration\":\"48\",\"notes\":\"And he was saying mommy. \",\"speaker\":\"Speaker 1\",\"timestamp\":\"10/24/2017  11:23:18\"},{\"duration\":\"48\",\"notes\":\"And \",\"speaker\":\"Speaker 1\",\"timestamp\":\"10/24/2017  11:23:18\"},{\"duration\":\"53\",\"notes\":\"I saw I got it starting \",\"speaker\":\"Speaker 1\",\"timestamp\":\"10/24/2017  11:23:23\"},{\"duration\":\"55\",\"notes\":\"It was I think on my shoulder. \",\"speaker\":\"Speaker 0\",\"timestamp\":\"10/24/2017  11:23:25\"},{\"duration\":\"55\",\"notes\":\"I sat straight at. \",\"speaker\":\"Speaker 0\",\"timestamp\":\"10/24/2017  11:23:25\"},{\"duration\":\"55\",\"notes\":\"Walk away from me \",\"speaker\":\"Speaker 0\",\"timestamp\":\"10/24/2017  11:23:25\"},{\"duration\":\"61\",\"notes\":\"Walk away from me. \",\"speaker\":\"Speaker 1\",\"timestamp\":\"10/24/2017  11:23:31\"},{\"duration\":\"61\",\"notes\":\"Her neck wound is still visible yet she has no memory of the attack \",\"speaker\":\"Speaker 0\",\"timestamp\":\"10/24/2017  11:23:31\"},{\"duration\":\"66\",\"notes\":\"It was I think on my shoulder and he was saying mommy. \",\"speaker\":\"Speaker 1\",\"timestamp\":\"10/24/2017  11:23:36\"},{\"duration\":\"66\",\"notes\":\"At trial even Darley conceded it would be hard to sleep through it \",\"speaker\":\"Speaker 0\",\"timestamp\":\"10/24/2017  11:23:36\"},{\"duration\":\"70\",\"notes\":\"Yeah I mean how would anybody splinters \",\"speaker\":\"Speaker 1\",\"timestamp\":\"10/24/2017  11:23:41\"},{\"duration\":\"74\",\"notes\":\"At. \",\"speaker\":\"Speaker 1\",\"timestamp\":\"10/24/2017  11:23:45\"},{\"duration\":\"74\",\"notes\":\"The church so you don\\\'t remember. \",\"speaker\":\"Speaker 0\",\"timestamp\":\"10/24/2017  11:23:45\"},{\"duration\":\"74\",\"notes\":\"But I tell \",\"speaker\":\"Speaker 1\",\"timestamp\":\"10/24/2017  11:23:45\"},{\"duration\":\"78\",\"notes\":\"Can you imagine waking up at eight years with that man \",\"speaker\":\"Speaker 1\",\"timestamp\":\"10/24/2017  11:23:49\"},{\"duration\":\"79\",\"notes\":\"You \",\"speaker\":\"Speaker 1\",\"timestamp\":\"10/24/2017  11:23:50\"},{\"duration\":\"115\",\"notes\":\"What do you think happened that if you can\\\'t remember but you don\\\'t think you slept through it. \",\"speaker\":\"Speaker 0\",\"timestamp\":\"10/24/2017  11:24:32\"},{\"duration\":\"115\",\"notes\":\"I think that I tried to fight with a man and I think that either I mean consonants \",\"speaker\":\"Speaker 1\",\"timestamp\":\"10/24/2017  11:24:32\"},{\"duration\":\"117\",\"notes\":\"I think that many \",\"speaker\":\"Speaker 1\",\"timestamp\":\"10/24/2017  11:24:34\"},{\"duration\":\"120\",\"notes\":\"You know he slit my throat or whatever I think I \",\"speaker\":\"Speaker 1\",\"timestamp\":\"10/24/2017  11:24:37\"},{\"duration\":\"121\",\"notes\":\"Pat staff \",\"speaker\":\"Speaker 1\",\"timestamp\":\"10/24/2017  11:24:39\"},{\"duration\":\"125\",\"notes\":\"The prosecution made much of Charlie\\\'s inappropriate behavior \",\"speaker\":\"Speaker 0\",\"timestamp\":\"10/24/2017  11:24:43\"},{\"duration\":\"131\",\"notes\":\"For instance the first policeman on the scene testified early didn\\\'t seem concerned about Damon yet also \",\"speaker\":\"Speaker 0\",\"timestamp\":\"10/24/2017  11:24:50\"},{\"duration\":\"133\",\"notes\":\"I think. \",\"speaker\":\"Speaker 1\",\"timestamp\":\"10/24/2017  11:24:53\"},{\"duration\":\"133\",\"notes\":\"That. \",\"speaker\":\"Speaker 0\",\"timestamp\":\"10/24/2017  11:24:53\"},{\"duration\":\"133\",\"notes\":\"I tried to fight with a man and I think that either I mean consonants. \",\"speaker\":\"Speaker 1\",\"timestamp\":\"10/24/2017  11:24:53\"},{\"duration\":\"133\",\"notes\":\"An instrument weary no \",\"speaker\":\"Speaker 0\",\"timestamp\":\"10/24/2017  11:24:53\"},{\"duration\":\"141\",\"notes\":\"An instrument weary. \",\"speaker\":\"Speaker 0\",\"timestamp\":\"10/24/2017  11:25:02\"},{\"duration\":\"141\",\"notes\":\"No. \",\"speaker\":\"Speaker 1\",\"timestamp\":\"10/24/2017  11:25:02\"},{\"duration\":\"141\",\"notes\":\"All \",\"speaker\":\"Speaker 1\",\"timestamp\":\"10/24/2017  11:25:02\"},{\"duration\":\"157\",\"notes\":\"Recording Stopped\",\"speaker\":\"Clerk : senzit123\",\"timestamp\":\"10/24/2017  11:25:20\"}]','Evidencer/SE001/Sitting 1/Session 1','2017-10-25 20:17:18','2017-10-25 20:17:31','\0','\0','','SE001',1001,'null','null','Smarter Judiciary',NULL),(2301,2,1,'2017-10-25','[{\"duration\":0,\"notes\":\"Recording Started\",\"speaker\":\"Officer : senzit123\",\"timestamp\":\"10/26/2017  2:11:57\"},{\"duration\":\"6\",\"notes\":\"dfhdfh\",\"speaker\":\"Officer : senzit123\",\"timestamp\":\"10/26/2017  2:12:05\"},{\"duration\":\"7\",\"notes\":\"iouyho\",\"speaker\":\"Officer : senzit123\",\"timestamp\":\"10/26/2017  2:12:06\"},{\"duration\":\"8\",\"notes\":\"huyoyuh\",\"speaker\":\"Officer : senzit123\",\"timestamp\":\"10/26/2017  2:12:07\"},{\"duration\":\"10\",\"notes\":\"Recording Stopped\",\"speaker\":\"Officer : senzit123\",\"timestamp\":\"10/26/2017  2:12:09\"}]','Evidencer/SE001/Sitting 2/Session 1','2017-10-25 20:41:57','2017-10-25 20:42:10','\0','\0','','SE001',1001,'null','null','Smarter Judiciary',NULL),(2311,3,1,'2017-10-25','[{\"duration\":0,\"notes\":\"Recording Started\",\"speaker\":\"Writer : senzit123\",\"timestamp\":\"10/26/2017  2:53:37\"},{\"duration\":\"5\",\"notes\":\"trhrth\",\"speaker\":\"Writer : senzit123\",\"timestamp\":\"10/26/2017  2:53:45\"},{\"duration\":\"6\",\"notes\":\"tjurtj\",\"speaker\":\"Writer : senzit123\",\"timestamp\":\"10/26/2017  2:53:46\"},{\"duration\":\"7\",\"notes\":\"tyikyt\",\"speaker\":\"Writer : senzit123\",\"timestamp\":\"10/26/2017  2:53:47\"},{\"duration\":\"11\",\"notes\":\"Recording Stopped\",\"speaker\":\"Writer : senzit123\",\"timestamp\":\"10/26/2017  2:53:51\"}]','Evidencer/SE001/Sitting 3/Session 1','2017-10-25 21:23:38','2017-10-25 21:23:54','\0','\0','','SE001',1001,'null','null','Smarter Judiciary',NULL),(2321,1,1,'2017-10-25','[{\"duration\":0,\"notes\":\"Recording Started\",\"speaker\":\"Writer : senzit123\",\"timestamp\":\"10/25/2017  12:23:13\"},{\"duration\":\"19\",\"notes\":\"So \",\"speaker\":\"Speaker 0\",\"timestamp\":\"10/25/2017  12:23:38\"},{\"duration\":\"33\",\"notes\":\"These points and about a bit in that house but you Darren in your job. \",\"speaker\":\"Speaker 1\",\"timestamp\":\"10/25/2017  12:23:53\"},{\"duration\":\"33\",\"notes\":\"Somebody take its my hope and my my children and me \",\"speaker\":\"Speaker 2\",\"timestamp\":\"10/25/2017  12:23:53\"},{\"duration\":\"38\",\"notes\":\"So. \",\"speaker\":\"Speaker 2\",\"timestamp\":\"10/25/2017  12:23:59\"},{\"duration\":\"38\",\"notes\":\"Why \",\"speaker\":\"Speaker 1\",\"timestamp\":\"10/25/2017  12:23:59\"},{\"duration\":\"41\",\"notes\":\"You lied to us \",\"speaker\":\"Speaker 1\",\"timestamp\":\"10/25/2017  12:24:02\"},{\"duration\":\"49\",\"notes\":\"So. \",\"speaker\":\"Speaker 1\",\"timestamp\":\"10/25/2017  12:24:10\"},{\"duration\":\"49\",\"notes\":\"Yeah. \",\"speaker\":\"Speaker 1\",\"timestamp\":\"10/25/2017  12:24:10\"},{\"duration\":\"49\",\"notes\":\"Look ineffectual. \",\"speaker\":\"Speaker 2\",\"timestamp\":\"10/25/2017  12:24:10\"},{\"duration\":\"49\",\"notes\":\"Right now. \",\"speaker\":\"Speaker 1\",\"timestamp\":\"10/25/2017  12:24:10\"},{\"duration\":\"49\",\"notes\":\"Djalili. \",\"speaker\":\"Speaker 2\",\"timestamp\":\"10/25/2017  12:24:10\"},{\"duration\":\"49\",\"notes\":\"Roots here you havent shared. \",\"speaker\":\"Speaker 1\",\"timestamp\":\"10/25/2017  12:24:10\"},{\"duration\":\"49\",\"notes\":\"One \",\"speaker\":\"Speaker 2\",\"timestamp\":\"10/25/2017  12:24:10\"},{\"duration\":\"50\",\"notes\":\"So were sitting here \",\"speaker\":\"Speaker 1\",\"timestamp\":\"10/25/2017  12:24:12\"},{\"duration\":\"56\",\"notes\":\"Yeah look ineffectual right now. \",\"speaker\":\"Speaker 1\",\"timestamp\":\"10/25/2017  12:24:18\"},{\"duration\":\"56\",\"notes\":\"So that makes no. \",\"speaker\":\"Speaker 2\",\"timestamp\":\"10/25/2017  12:24:18\"},{\"duration\":\"56\",\"notes\":\"Water not a tia well I dont mind. \",\"speaker\":\"Speaker 1\",\"timestamp\":\"10/25/2017  12:24:18\"},{\"duration\":\"56\",\"notes\":\"If you \",\"speaker\":\"Speaker 2\",\"timestamp\":\"10/25/2017  12:24:18\"},{\"duration\":\"60\",\"notes\":\"You know what I do and the tears Ive cried when \",\"speaker\":\"Speaker 2\",\"timestamp\":\"10/25/2017  12:24:23\"},{\"duration\":\"63\",\"notes\":\"These. \",\"speaker\":\"Speaker 2\",\"timestamp\":\"10/25/2017  12:24:25\"},{\"duration\":\"63\",\"notes\":\"Points and about a bit in that house but you Darren in your job. \",\"speaker\":\"Speaker 1\",\"timestamp\":\"10/25/2017  12:24:25\"},{\"duration\":\"63\",\"notes\":\"Well. \",\"speaker\":\"Speaker 2\",\"timestamp\":\"10/25/2017  12:24:25\"},{\"duration\":\"63\",\"notes\":\"If you could show your children \",\"speaker\":\"Speaker 1\",\"timestamp\":\"10/25/2017  12:24:25\"},{\"duration\":\"63\",\"notes\":\"Who killed \",\"speaker\":\"Speaker 1\",\"timestamp\":\"10/25/2017  12:24:26\"},{\"duration\":\"64\",\"notes\":\"Yeah look ineffectual right now Djalili roots here you havent shared one. \",\"speaker\":\"Speaker 1\",\"timestamp\":\"10/25/2017  12:24:27\"},{\"duration\":\"64\",\"notes\":\"Water not a tia well I dont mind if you. \",\"speaker\":\"Speaker 1\",\"timestamp\":\"10/25/2017  12:24:27\"},{\"duration\":\"64\",\"notes\":\"I cant \",\"speaker\":\"Speaker 2\",\"timestamp\":\"10/25/2017  12:24:27\"},{\"duration\":\"69\",\"notes\":\"Yeah look ineffectual right now Djalili roots here you havent shared. \",\"speaker\":\"Speaker 1\",\"timestamp\":\"10/25/2017  12:24:32\"},{\"duration\":\"69\",\"notes\":\"Bridget I purposely put do all it through the wringer and she held up well \",\"speaker\":\"Speaker 1\",\"timestamp\":\"10/25/2017  12:24:32\"},{\"duration\":\"70\",\"notes\":\"But we still werent sure \",\"speaker\":\"Speaker 1\",\"timestamp\":\"10/25/2017  12:24:34\"},{\"duration\":\"77\",\"notes\":\"Good evening we popped in the tape of the interview and watched it to see if theres something we missed \",\"speaker\":\"Speaker 1\",\"timestamp\":\"10/25/2017  12:24:41\"},{\"duration\":\"81\",\"notes\":\"These points and about a bit in that house but you. \",\"speaker\":\"Speaker 1\",\"timestamp\":\"10/25/2017  12:24:45\"},{\"duration\":\"81\",\"notes\":\"Darren in your job somebody take its my hope and my my children and me. \",\"speaker\":\"Speaker 2\",\"timestamp\":\"10/25/2017  12:24:45\"},{\"duration\":\"81\",\"notes\":\"Why. \",\"speaker\":\"Speaker 2\",\"timestamp\":\"10/25/2017  12:24:45\"},{\"duration\":\"81\",\"notes\":\"Well if you could show your children. \",\"speaker\":\"Speaker 1\",\"timestamp\":\"10/25/2017  12:24:45\"},{\"duration\":\"81\",\"notes\":\"You know its very possible \",\"speaker\":\"Speaker 1\",\"timestamp\":\"10/25/2017  12:24:45\"},{\"duration\":\"83\",\"notes\":\"Who killed. \",\"speaker\":\"Speaker 2\",\"timestamp\":\"10/25/2017  12:24:47\"},{\"duration\":\"83\",\"notes\":\"Bridget I purposely put do all it through the wringer. \",\"speaker\":\"Speaker 1\",\"timestamp\":\"10/25/2017  12:24:47\"},{\"duration\":\"83\",\"notes\":\"And she held up well. \",\"speaker\":\"Speaker 2\",\"timestamp\":\"10/25/2017  12:24:47\"},{\"duration\":\"83\",\"notes\":\"You know its very. \",\"speaker\":\"Speaker 1\",\"timestamp\":\"10/25/2017  12:24:47\"},{\"duration\":\"83\",\"notes\":\"Possible. \",\"speaker\":\"Speaker 2\",\"timestamp\":\"10/25/2017  12:24:47\"},{\"duration\":\"83\",\"notes\":\"We dont want to \",\"speaker\":\"Speaker 2\",\"timestamp\":\"10/25/2017  12:24:47\"},{\"duration\":\"90\",\"notes\":\"It is. \",\"speaker\":\"Speaker 1\",\"timestamp\":\"10/25/2017  12:24:56\"},{\"duration\":\"90\",\"notes\":\"Essential to listen listening assignment of \",\"speaker\":\"Speaker 2\",\"timestamp\":\"10/25/2017  12:24:56\"},{\"duration\":\"92\",\"notes\":\"You have to \",\"speaker\":\"Speaker 2\",\"timestamp\":\"10/25/2017  12:24:57\"},{\"duration\":\"98\",\"notes\":\"I just dont think about what you execute hurdle \",\"speaker\":\"Speaker 2\",\"timestamp\":\"10/25/2017  12:25:05\"},{\"duration\":\"110\",\"notes\":\"Whether it was Dolly herself \",\"speaker\":\"Speaker 1\",\"timestamp\":\"10/25/2017  12:25:20\"},{\"duration\":\"111\",\"notes\":\"Whether it was Dolly herself. \",\"speaker\":\"Speaker 2\",\"timestamp\":\"10/25/2017  12:25:21\"},{\"duration\":\"111\",\"notes\":\"Leetch trade your \",\"speaker\":\"Speaker 1\",\"timestamp\":\"10/25/2017  12:25:21\"},{\"duration\":\"113\",\"notes\":\"The murders somehow with popularity \",\"speaker\":\"Speaker 1\",\"timestamp\":\"10/25/2017  12:25:24\"},{\"duration\":\"116\",\"notes\":\"We dont want to. \",\"speaker\":\"Speaker 1\",\"timestamp\":\"10/25/2017  12:25:29\"},{\"duration\":\"116\",\"notes\":\"It is essential to listen listening assignment of. \",\"speaker\":\"Speaker 1\",\"timestamp\":\"10/25/2017  12:25:29\"},{\"duration\":\"116\",\"notes\":\"You have to. \",\"speaker\":\"Speaker 1\",\"timestamp\":\"10/25/2017  12:25:29\"},{\"duration\":\"116\",\"notes\":\"I just dont think about what you execute hurdle. \",\"speaker\":\"Speaker 1\",\"timestamp\":\"10/25/2017  12:25:29\"},{\"duration\":\"116\",\"notes\":\"Both rich and I had a hunch that killing to to your voice \",\"speaker\":\"Speaker 1\",\"timestamp\":\"10/25/2017  12:25:29\"},{\"duration\":\"117\",\"notes\":\"Whats supposed to happen \",\"speaker\":\"Speaker 1\",\"timestamp\":\"10/25/2017  12:25:30\"},{\"duration\":\"117\",\"notes\":\"But it \",\"speaker\":\"Speaker 1\",\"timestamp\":\"10/25/2017  12:25:30\"},{\"duration\":\"123\",\"notes\":\"A little part of the internet price as a shuttle heading over each of them for the rest of their lives \",\"speaker\":\"Speaker 1\",\"timestamp\":\"10/25/2017  12:25:38\"},{\"duration\":\"126\",\"notes\":\"In the end despite dollies conviction \",\"speaker\":\"Speaker 1\",\"timestamp\":\"10/25/2017  12:25:41\"},{\"duration\":\"132\",\"notes\":\"Regina airport to this she was putting it largely on circumstantial evidence too thin and flimsy \",\"speaker\":\"Speaker 1\",\"timestamp\":\"10/25/2017  12:25:49\"},{\"duration\":\"132\",\"notes\":\"Recording Stopped\",\"speaker\":\"Clerk : senzit123\",\"timestamp\":\"10/25/2017  12:25:50\"}]','Evidencer/CR001/Sitting 1/Session 1','2017-10-25 21:27:47','2017-10-25 21:27:56','\0','\0','','CR001',1001,'null','null','Smarter Judiciary',NULL),(2341,4,1,'2017-10-25','[{\"duration\":0,\"notes\":\"Recording Started\",\"speaker\":\"Clerk : senzit123\",\"timestamp\":\"10/26/2017  3:25:58\"},{\"duration\":\"9\",\"notes\":\"Recording Stopped\",\"speaker\":\"Clerk : senzit123\",\"timestamp\":\"10/26/2017  3:26:11\"}]','Evidencer/SE001/Sitting 4/Session 1','2017-10-25 21:55:56','2017-10-25 21:56:15','\0','\0','','SE001',1001,'null','null','Smarter Judiciary',NULL),(2351,5,1,'2017-10-25','[{\"duration\":0,\"notes\":\"Recording Started\",\"speaker\":\"Officer : senzit123\",\"timestamp\":\"10/26/2017  3:30:02\"},{\"duration\":\"6\",\"notes\":\"rgeregr\",\"speaker\":\"Officer : senzit123\",\"timestamp\":\"10/26/2017  3:30:11\"},{\"duration\":\"7\",\"notes\":\"ergreg\",\"speaker\":\"Officer : senzit123\",\"timestamp\":\"10/26/2017  3:30:12\"},{\"duration\":\"9\",\"notes\":\"reg\",\"speaker\":\"Officer : senzit123\",\"timestamp\":\"10/26/2017  3:30:14\"},{\"duration\":\"13\",\"notes\":\"Recording Stopped\",\"speaker\":\"Officer : senzit123\",\"timestamp\":\"10/26/2017  3:30:19\"}]','Evidencer/SE001/Sitting 5/Session 1','2017-10-25 22:00:02','2017-10-25 22:00:22','\0','\0','','SE001',1001,'null','null','Smarter Judiciary',NULL),(2361,6,1,'2017-10-25','[{\"duration\":0,\"notes\":\"Recording Started\",\"speaker\":\"Writer : senzit123\",\"timestamp\":\"10/26/2017  3:35:47\"},{\"duration\":\"9\",\"notes\":\"yyery\",\"speaker\":\"Writer : senzit123\",\"timestamp\":\"10/26/2017  3:35:58\"},{\"duration\":\"10\",\"notes\":\"eryey\",\"speaker\":\"Writer : senzit123\",\"timestamp\":\"10/26/2017  3:35:59\"},{\"duration\":\"11\",\"notes\":\"eyrery\",\"speaker\":\"Writer : senzit123\",\"timestamp\":\"10/26/2017  3:36:00\"},{\"duration\":\"13\",\"notes\":\"Recording Stopped\",\"speaker\":\"Writer : senzit123\",\"timestamp\":\"10/26/2017  3:36:03\"}]','Evidencer/SE001/Sitting 6/Session 1','2017-10-25 22:05:46','2017-10-25 22:06:06','\0','\0','','SE001',1001,'null','null','Smarter Judiciary',NULL),(2371,7,1,'2017-10-25','[{\"duration\":0,\"notes\":\"Recording Started\",\"speaker\":\"Clerk : senzit123\",\"timestamp\":\"10/26/2017  4:13:05\"},{\"duration\":\"7\",\"notes\":\"Recording Stopped\",\"speaker\":\"Clerk : senzit123\",\"timestamp\":\"10/26/2017  4:13:13\"}]','Evidencer/SE001/Sitting 7/Session 1','2017-10-25 22:43:03','2017-10-25 22:43:15','\0','\0','','SE001',1001,'null','null','Smarter Judiciary',NULL),(2381,1,1,'2017-10-26','[{\"duration\":0,\"notes\":\"Recording Started\",\"speaker\":\"Clerk : senzit123\",\"timestamp\":\"10/26/2017  4:22:36\"},{\"duration\":\"6\",\"notes\":\"Recording Stopped\",\"speaker\":\"Clerk : senzit123\",\"timestamp\":\"10/26/2017  4:22:45\"}]','Evidencer/SA001/Sitting 1/Session 1','2017-10-26 04:22:30','2017-10-26 04:22:48','\0','\0','','SA001',1001,'null','null','Smarter Judiciary',NULL),(2391,1,1,'2017-10-25','[{\"duration\":0,\"notes\":\"Recording Started\",\"speaker\":\"Clerk : senzit123\",\"timestamp\":\"10/26/2017  4:28:07\"},{\"duration\":\"5\",\"notes\":\"Recording Stopped\",\"speaker\":\"Clerk : senzit123\",\"timestamp\":\"10/26/2017  4:28:17\"}]','Evidencer/SHIN0001/Sitting 1/Session 1','2017-10-25 22:58:05','2017-10-25 22:58:19','\0','\0','','SHIN0001',1001,'null','null','Smarter Judiciary',NULL),(2401,1,1,'2017-10-27','[{\"duration\":0,\"notes\":\"Recording Started\",\"speaker\":\"Officer : senzit123\",\"timestamp\":\"10/27/2017  4:55:56\"},{\"duration\":\"60\",\"notes\":\"Recording Stopped\",\"speaker\":\"Officer : senzit123\",\"timestamp\":\"10/27/2017  4:56:59\"}]','Evidencer/1822/Sitting 1/Session 1','2017-10-27 12:55:53','2017-10-27 12:57:01','\0','\0','','1822',1001,'null','null','Smarter Judiciary',NULL),(2411,1,1,'2017-10-30','[{\"duration\":0,\"notes\":\"Recording Started\",\"speaker\":\"Writer : senzit123\",\"timestamp\":\"10/30/2017  1:13:55\"},{\"duration\":\"38\",\"notes\":\"hi\",\"speaker\":\"Writer : senzit123\",\"timestamp\":\"10/30/2017  1:14:35\"},{\"duration\":\"47\",\"notes\":\"Hello \",\"speaker\":\"Speaker 0\",\"timestamp\":\"10/30/2017  1:14:44\"},{\"duration\":\"49\",\"notes\":\"I know \",\"speaker\":\"Speaker 1\",\"timestamp\":\"10/30/2017  1:14:46\"},{\"duration\":\"52\",\"notes\":\"You see it coming up \",\"speaker\":\"Speaker 2\",\"timestamp\":\"10/30/2017  1:14:49\"},{\"duration\":\"54\",\"notes\":\"All right \",\"speaker\":\"Speaker 3\",\"timestamp\":\"10/30/2017  1:14:51\"},{\"duration\":\"61\",\"notes\":\"I know. \",\"speaker\":\"Speaker 0\",\"timestamp\":\"10/30/2017  1:14:58\"},{\"duration\":\"61\",\"notes\":\"All right. \",\"speaker\":\"Speaker 0\",\"timestamp\":\"10/30/2017  1:14:58\"},{\"duration\":\"61\",\"notes\":\"You should you want to see translation of Spanish era \",\"speaker\":\"Speaker 2\",\"timestamp\":\"10/30/2017  1:14:58\"},{\"duration\":\"65\",\"notes\":\"You shouldn\'t do Arabic \",\"speaker\":\"Speaker 2\",\"timestamp\":\"10/30/2017  1:15:02\"},{\"duration\":\"68\",\"notes\":\"That means the combustion start coming from Arabic \",\"speaker\":\"Speaker 2\",\"timestamp\":\"10/30/2017  1:15:06\"},{\"duration\":\"78\",\"notes\":\"Alright. \",\"speaker\":\"Speaker 0\",\"timestamp\":\"10/30/2017  1:15:16\"},{\"duration\":\"78\",\"notes\":\"And that\'s a bit. \",\"speaker\":\"Speaker 2\",\"timestamp\":\"10/30/2017  1:15:16\"},{\"duration\":\"78\",\"notes\":\"Then I can go and say how was my poem o\'donnell likes it \",\"speaker\":\"Speaker 0\",\"timestamp\":\"10/30/2017  1:15:16\"},{\"duration\":\"81\",\"notes\":\"Yeah I\'m pretty confident. \",\"speaker\":\"Speaker 0\",\"timestamp\":\"10/30/2017  1:15:19\"},{\"duration\":\"81\",\"notes\":\"He \",\"speaker\":\"Speaker 2\",\"timestamp\":\"10/30/2017  1:15:19\"},{\"duration\":\"93\",\"notes\":\"You should you want to see. \",\"speaker\":\"Speaker 2\",\"timestamp\":\"10/30/2017  1:15:30\"},{\"duration\":\"93\",\"notes\":\"Translation of Spanish era. \",\"speaker\":\"Speaker 1\",\"timestamp\":\"10/30/2017  1:15:30\"},{\"duration\":\"93\",\"notes\":\"That means the combustion start coming from Arabic. \",\"speaker\":\"Speaker 1\",\"timestamp\":\"10/30/2017  1:15:30\"},{\"duration\":\"93\",\"notes\":\"And that\'s a bit then I can go and say how was my poem. \",\"speaker\":\"Speaker 1\",\"timestamp\":\"10/30/2017  1:15:30\"},{\"duration\":\"93\",\"notes\":\"O\'donnell likes it. \",\"speaker\":\"Speaker 0\",\"timestamp\":\"10/30/2017  1:15:30\"},{\"duration\":\"93\",\"notes\":\"Yeah. \",\"speaker\":\"Speaker 0\",\"timestamp\":\"10/30/2017  1:15:30\"},{\"duration\":\"93\",\"notes\":\"I\'m pretty confident. \",\"speaker\":\"Speaker 1\",\"timestamp\":\"10/30/2017  1:15:30\"},{\"duration\":\"93\",\"notes\":\"All I can unless unless my sentiment how would that overall sentiment positive \",\"speaker\":\"Speaker 1\",\"timestamp\":\"10/30/2017  1:15:30\"},{\"duration\":\"102\",\"notes\":\"No it nobody is I may not have the pigeon of this \",\"speaker\":\"Speaker 1\",\"timestamp\":\"10/30/2017  1:15:40\"},{\"duration\":\"104\",\"notes\":\"You see it coming up. \",\"speaker\":\"Speaker 1\",\"timestamp\":\"10/30/2017  1:15:42\"},{\"duration\":\"104\",\"notes\":\"You should you want to see translation of Spanish era. \",\"speaker\":\"Speaker 1\",\"timestamp\":\"10/30/2017  1:15:42\"},{\"duration\":\"104\",\"notes\":\"You shouldn\'t do Arabic. \",\"speaker\":\"Speaker 1\",\"timestamp\":\"10/30/2017  1:15:42\"},{\"duration\":\"104\",\"notes\":\"And that\'s a bit. \",\"speaker\":\"Speaker 1\",\"timestamp\":\"10/30/2017  1:15:42\"},{\"duration\":\"104\",\"notes\":\"I\'m pretty confident he. \",\"speaker\":\"Speaker 1\",\"timestamp\":\"10/30/2017  1:15:42\"},{\"duration\":\"104\",\"notes\":\"Greta I don\'t \",\"speaker\":\"Speaker 0\",\"timestamp\":\"10/30/2017  1:15:42\"},{\"duration\":\"106\",\"notes\":\"Not \",\"speaker\":\"Speaker 0\",\"timestamp\":\"10/30/2017  1:15:44\"},{\"duration\":\"115\",\"notes\":\"That\'s what if you look at a photo. \",\"speaker\":\"Speaker 0\",\"timestamp\":\"10/30/2017  1:15:54\"},{\"duration\":\"115\",\"notes\":\"Of the moonlight competition right \",\"speaker\":\"Speaker 1\",\"timestamp\":\"10/30/2017  1:15:54\"},{\"duration\":\"118\",\"notes\":\"So I can sure listings and I can just stop it \",\"speaker\":\"Speaker 1\",\"timestamp\":\"10/30/2017  1:15:57\"},{\"duration\":\"121\",\"notes\":\"Recording Stopped\",\"speaker\":\"Writer : senzit123\",\"timestamp\":\"10/30/2017  1:16:00\"}]','Evidencer/1001/Sitting 1/Session 1','2017-10-30 09:13:52','2017-10-30 09:16:02','\0','\0','','1001',1001,'{\"document_tone\":{\"tones\":[{\"score\":0.895883,\"tone_id\":\"confident\",\"tone_name\":\"Confident\"}]},\"sentences_tone\":[{\"sentence_id\":0,\"text\":\"Speaker 0 : Hello Speaker 1 : I know Speaker 2 : You see it coming up Speaker 3 : All right Speaker 0 : I know.\",\"tones\":[{\"score\":0.579436,\"tone_id\":\"confident\",\"tone_name\":\"Confident\"},{\"score\":0.653099,\"tone_id\":\"analytical\",\"tone_name\":\"Analytical\"}]},{\"sentence_id\":1,\"text\":\"Speaker 0 : All right.\",\"tones\":[{\"score\":0.97759,\"tone_id\":\"confident\",\"tone_name\":\"Confident\"}]},{\"sentence_id\":2,\"text\":\"Speaker 2 : You should you want to see translation of Spanish era Speaker 2 : You shouldn\'t do Arabic Speaker 2 : That means the combustion start coming from Arabic\",\"tones\":[]}]}','{\n  \"usage\": {\n    \"text_units\": 1,\n    \"text_characters\": 474,\n    \"features\": 3\n  },\n  \"sentiment\": {\n    \"document\": {\n      \"score\": 0.787263,\n      \"label\": \"positive\"\n    }\n  },\n  \"language\": \"en\",\n  \"keywords\": [\n    {\n      \"text\": \"Speaker\",\n      \"relevance\": 0.921712\n    },\n    {\n      \"text\": \"Spanish era Speaker\",\n      \"relevance\": 0.686048\n    },\n    {\n      \"text\": \"Arabic Speaker\",\n      \"relevance\": 0.596307\n    },\n    {\n      \"text\": \"poem o\'donnell\",\n      \"relevance\": 0.589604\n    },\n    {\n      \"text\": \"Hello Speaker\",\n      \"relevance\": 0.505595\n    },\n    {\n      \"text\": \"right Speaker\",\n      \"relevance\": 0.448217\n    },\n    {\n      \"text\": \"combustion\",\n      \"relevance\": 0.379048\n    },\n    {\n      \"text\": \"bit\",\n      \"relevance\": 0.378309\n    },\n    {\n      \"text\": \"translation\",\n      \"relevance\": 0.361557\n    }\n  ],\n  \"entities\": [\n    {\n      \"type\": \"Person\",\n      \"text\": \"o\'donnell\",\n      \"relevance\": 0.836867,\n      \"count\": 1\n    }\n  ]\n}','Smarter Judiciary',NULL),(2421,8,1,'2017-10-30','[{\"duration\":0,\"notes\":\"Recording Started\",\"speaker\":\"Officer : senzit123\",\"timestamp\":\"10/30/2017  8:57:39\"},{\"duration\":\"9\",\"notes\":\"13131\",\"speaker\":\"Officer : senzit123\",\"timestamp\":\"10/30/2017  8:57:49\"},{\"duration\":\"11\",\"notes\":\"41414\",\"speaker\":\"Officer : senzit123\",\"timestamp\":\"10/30/2017  8:57:51\"},{\"duration\":\"13\",\"notes\":\"41414\",\"speaker\":\"Officer : senzit123\",\"timestamp\":\"10/30/2017  8:57:53\"},{\"duration\":\"48\",\"notes\":\"Recording Stopped\",\"speaker\":\"Officer : senzit123\",\"timestamp\":\"10/30/2017  8:58:29\"}]','Evidencer/SE001/Sitting 8/Session 1','2017-10-30 15:27:36','2017-10-30 15:28:31','\0','\0','','SE001',1001,'null','null','Smarter Judiciary',NULL),(2431,9,1,'2017-10-30','[{\"duration\":0,\"notes\":\"Recording Started\",\"speaker\":\"Officer : senzit123\",\"timestamp\":\"10/30/2017  9:19:11\"},{\"duration\":\"22\",\"notes\":\"edfrgdf\",\"speaker\":\"Officer : senzit123\",\"timestamp\":\"10/30/2017  9:19:39\"},{\"duration\":\"23\",\"notes\":\"dfhdf\",\"speaker\":\"Officer : senzit123\",\"timestamp\":\"10/30/2017  9:19:40\"},{\"duration\":\"24\",\"notes\":\"dfhdfh\",\"speaker\":\"Officer : senzit123\",\"timestamp\":\"10/30/2017  9:19:41\"},{\"duration\":\"25\",\"notes\":\"dfhdfh\",\"speaker\":\"Officer : senzit123\",\"timestamp\":\"10/30/2017  9:19:42\"},{\"duration\":\"27\",\"notes\":\"Recording Stopped\",\"speaker\":\"Officer : senzit123\",\"timestamp\":\"10/30/2017  9:19:43\"}]','Evidencer/SE001/Sitting 9/Session 1','2017-10-30 15:48:51','2017-10-30 15:49:46','\0','\0','','SE001',1001,'null','null','Smarter Judiciary',NULL),(2441,1,1,'2017-10-30','[{\"duration\":0,\"notes\":\"Recording Started\",\"speaker\":\"Writer : senzit123\",\"timestamp\":\"10/30/2017  7:54:38\"},{\"duration\":\"8\",\"notes\":\"hello\",\"speaker\":\"Writer : senzit123\",\"timestamp\":\"10/30/2017  7:54:47\"},{\"duration\":\"18\",\"notes\":\"A little \",\"speaker\":\"Speaker 0\",\"timestamp\":\"10/30/2017  7:54:57\"},{\"duration\":\"22\",\"notes\":\"Hello how are you. \",\"speaker\":\"Speaker 1\",\"timestamp\":\"10/30/2017  7:55:01\"},{\"duration\":\"22\",\"notes\":\"Sure you \",\"speaker\":\"Speaker 2\",\"timestamp\":\"10/30/2017  7:55:01\"},{\"duration\":\"32\",\"notes\":\"Hello how are you sure you. \",\"speaker\":\"Speaker 1\",\"timestamp\":\"10/30/2017  7:55:11\"},{\"duration\":\"32\",\"notes\":\"I thought of how you know microphone here you know. \",\"speaker\":\"Speaker 2\",\"timestamp\":\"10/30/2017  7:55:11\"},{\"duration\":\"32\",\"notes\":\"Enough so that. \",\"speaker\":\"Speaker 3\",\"timestamp\":\"10/30/2017  7:55:11\"},{\"duration\":\"32\",\"notes\":\"We can have a killer. \",\"speaker\":\"Speaker 0\",\"timestamp\":\"10/30/2017  7:55:11\"},{\"duration\":\"32\",\"notes\":\"Song coming up \",\"speaker\":\"Speaker 2\",\"timestamp\":\"10/30/2017  7:55:11\"},{\"duration\":\"42\",\"notes\":\"A little. \",\"speaker\":\"Speaker 2\",\"timestamp\":\"10/30/2017  7:55:21\"},{\"duration\":\"42\",\"notes\":\"Hello how are you. \",\"speaker\":\"Speaker 2\",\"timestamp\":\"10/30/2017  7:55:21\"},{\"duration\":\"42\",\"notes\":\"Sure you. \",\"speaker\":\"Speaker 1\",\"timestamp\":\"10/30/2017  7:55:21\"},{\"duration\":\"42\",\"notes\":\"I thought of how you know microphone here you know enough so that. \",\"speaker\":\"Speaker 2\",\"timestamp\":\"10/30/2017  7:55:21\"},{\"duration\":\"42\",\"notes\":\"We can have a. \",\"speaker\":\"Speaker 0\",\"timestamp\":\"10/30/2017  7:55:21\"},{\"duration\":\"42\",\"notes\":\"Killer song coming up. \",\"speaker\":\"Speaker 2\",\"timestamp\":\"10/30/2017  7:55:21\"},{\"duration\":\"42\",\"notes\":\"And the problem is that knowledge sticking with trying to get this going to. \",\"speaker\":\"Speaker 0\",\"timestamp\":\"10/30/2017  7:55:21\"},{\"duration\":\"42\",\"notes\":\"You etcetera I\'m coming back. \",\"speaker\":\"Speaker 2\",\"timestamp\":\"10/30/2017  7:55:21\"},{\"duration\":\"42\",\"notes\":\"In all of this was yeah you see this year \",\"speaker\":\"Speaker 1\",\"timestamp\":\"10/30/2017  7:55:21\"},{\"duration\":\"44\",\"notes\":\"And. \",\"speaker\":\"Speaker 0\",\"timestamp\":\"10/30/2017  7:55:23\"},{\"duration\":\"44\",\"notes\":\"The problem is that knowledge sticking. \",\"speaker\":\"Speaker 2\",\"timestamp\":\"10/30/2017  7:55:23\"},{\"duration\":\"44\",\"notes\":\"With trying to get this going to. \",\"speaker\":\"Speaker 0\",\"timestamp\":\"10/30/2017  7:55:23\"},{\"duration\":\"44\",\"notes\":\"It\'s just out of it \",\"speaker\":\"Speaker 2\",\"timestamp\":\"10/30/2017  7:55:23\"},{\"duration\":\"45\",\"notes\":\"Suddenly everything changed quite a bit \",\"speaker\":\"Speaker 2\",\"timestamp\":\"10/30/2017  7:55:25\"},{\"duration\":\"48\",\"notes\":\"In all of this was. \",\"speaker\":\"Speaker 0\",\"timestamp\":\"10/30/2017  7:55:28\"},{\"duration\":\"48\",\"notes\":\"Yeah you see this year. \",\"speaker\":\"Speaker 1\",\"timestamp\":\"10/30/2017  7:55:28\"},{\"duration\":\"48\",\"notes\":\"Surely \",\"speaker\":\"Speaker 1\",\"timestamp\":\"10/30/2017  7:55:28\"},{\"duration\":\"52\",\"notes\":\"I thought of how you know microphone here you know enough so that we can have a killer song coming up. \",\"speaker\":\"Speaker 2\",\"timestamp\":\"10/30/2017  7:55:32\"},{\"duration\":\"52\",\"notes\":\"And. \",\"speaker\":\"Speaker 1\",\"timestamp\":\"10/30/2017  7:55:32\"},{\"duration\":\"52\",\"notes\":\"With. \",\"speaker\":\"Speaker 1\",\"timestamp\":\"10/30/2017  7:55:32\"},{\"duration\":\"52\",\"notes\":\"Trying to get this going to you etcetera I\'m coming back. \",\"speaker\":\"Speaker 2\",\"timestamp\":\"10/30/2017  7:55:32\"},{\"duration\":\"52\",\"notes\":\"The population if you got it now \",\"speaker\":\"Speaker 1\",\"timestamp\":\"10/30/2017  7:55:32\"},{\"duration\":\"54\",\"notes\":\"So what I\'m talking about it now \",\"speaker\":\"Speaker 2\",\"timestamp\":\"10/30/2017  7:55:34\"},{\"duration\":\"56\",\"notes\":\"I thought of how you know microphone here you know enough so that we can have a killer. \",\"speaker\":\"Speaker 2\",\"timestamp\":\"10/30/2017  7:55:36\"},{\"duration\":\"56\",\"notes\":\"Song coming up. \",\"speaker\":\"Speaker 1\",\"timestamp\":\"10/30/2017  7:55:36\"},{\"duration\":\"56\",\"notes\":\"I\'m sure you can go down \",\"speaker\":\"Speaker 2\",\"timestamp\":\"10/30/2017  7:55:36\"},{\"duration\":\"62\",\"notes\":\"Killer. \",\"speaker\":\"Speaker 1\",\"timestamp\":\"10/30/2017  7:55:42\"},{\"duration\":\"62\",\"notes\":\"I\'m sure you can go down. \",\"speaker\":\"Speaker 0\",\"timestamp\":\"10/30/2017  7:55:42\"},{\"duration\":\"62\",\"notes\":\"I\'m gonna have a tone on last. \",\"speaker\":\"Speaker 2\",\"timestamp\":\"10/30/2017  7:55:42\"},{\"duration\":\"62\",\"notes\":\"Problem. \",\"speaker\":\"Speaker 0\",\"timestamp\":\"10/30/2017  7:55:42\"},{\"duration\":\"62\",\"notes\":\"Is just posting strong who has grown now \",\"speaker\":\"Speaker 2\",\"timestamp\":\"10/30/2017  7:55:42\"},{\"duration\":\"63\",\"notes\":\"I thought of how you know microphone here you know enough so that we can have a. \",\"speaker\":\"Speaker 2\",\"timestamp\":\"10/30/2017  7:55:43\"},{\"duration\":\"63\",\"notes\":\"And the problem is that knowledge sticking with trying to get this going to you etcetera I\'m coming back in all of this was. \",\"speaker\":\"Speaker 2\",\"timestamp\":\"10/30/2017  7:55:43\"},{\"duration\":\"63\",\"notes\":\"It\'s just out of it. \",\"speaker\":\"Speaker 1\",\"timestamp\":\"10/30/2017  7:55:43\"},{\"duration\":\"63\",\"notes\":\"I\'m gonna have a tone on last problem is just posting strong who has grown now. \",\"speaker\":\"Speaker 2\",\"timestamp\":\"10/30/2017  7:55:43\"},{\"duration\":\"63\",\"notes\":\"You should \",\"speaker\":\"Speaker 1\",\"timestamp\":\"10/30/2017  7:55:43\"},{\"duration\":\"71\",\"notes\":\"Document eleven lightly down to build skills and then in my sentiments I can analyze it \",\"speaker\":\"Speaker 2\",\"timestamp\":\"10/30/2017  7:55:52\"},{\"duration\":\"73\",\"notes\":\"Hello how are you. \",\"speaker\":\"Speaker 0\",\"timestamp\":\"10/30/2017  7:55:55\"},{\"duration\":\"73\",\"notes\":\"And the problem is that knowledge sticking with. \",\"speaker\":\"Speaker 2\",\"timestamp\":\"10/30/2017  7:55:55\"},{\"duration\":\"73\",\"notes\":\"Trying to get this going to. \",\"speaker\":\"Speaker 0\",\"timestamp\":\"10/30/2017  7:55:55\"},{\"duration\":\"73\",\"notes\":\"You etcetera I\'m coming back in all of this was. \",\"speaker\":\"Speaker 2\",\"timestamp\":\"10/30/2017  7:55:55\"},{\"duration\":\"73\",\"notes\":\"Oral sentiment. \",\"speaker\":\"Speaker 2\",\"timestamp\":\"10/30/2017  7:55:55\"},{\"duration\":\"73\",\"notes\":\"Possibly \",\"speaker\":\"Speaker 1\",\"timestamp\":\"10/30/2017  7:55:55\"},{\"duration\":\"76\",\"notes\":\"I\'m gonna have a tone on last problem. \",\"speaker\":\"Speaker 2\",\"timestamp\":\"10/30/2017  7:55:58\"},{\"duration\":\"76\",\"notes\":\"Is just posting strong who has grown now. \",\"speaker\":\"Speaker 0\",\"timestamp\":\"10/30/2017  7:55:58\"},{\"duration\":\"76\",\"notes\":\"Document eleven. \",\"speaker\":\"Speaker 0\",\"timestamp\":\"10/30/2017  7:55:58\"},{\"duration\":\"76\",\"notes\":\"Lightly down to build skills. \",\"speaker\":\"Speaker 2\",\"timestamp\":\"10/30/2017  7:55:58\"},{\"duration\":\"76\",\"notes\":\"And then in my sentiments I can analyze it. \",\"speaker\":\"Speaker 0\",\"timestamp\":\"10/30/2017  7:55:58\"},{\"duration\":\"76\",\"notes\":\"You should live didn\'t \",\"speaker\":\"Speaker 0\",\"timestamp\":\"10/30/2017  7:55:58\"},{\"duration\":\"79\",\"notes\":\"Lightly down to build skills and then in my sentiments I can analyze it. \",\"speaker\":\"Speaker 2\",\"timestamp\":\"10/30/2017  7:56:02\"},{\"duration\":\"79\",\"notes\":\"It is a shoe. \",\"speaker\":\"Speaker 0\",\"timestamp\":\"10/30/2017  7:56:02\"},{\"duration\":\"79\",\"notes\":\"In a folder \",\"speaker\":\"Speaker 2\",\"timestamp\":\"10/30/2017  7:56:02\"},{\"duration\":\"83\",\"notes\":\"Court. \",\"speaker\":\"Speaker 2\",\"timestamp\":\"10/30/2017  7:56:06\"},{\"duration\":\"83\",\"notes\":\"Okay. \",\"speaker\":\"Speaker 0\",\"timestamp\":\"10/30/2017  7:56:06\"},{\"duration\":\"83\",\"notes\":\"Then what I\'ll do is that I just stopped it \",\"speaker\":\"Speaker 2\",\"timestamp\":\"10/30/2017  7:56:06\"},{\"duration\":\"84\",\"notes\":\"Recording Stopped\",\"speaker\":\"Writer : senzit123\",\"timestamp\":\"10/30/2017  7:56:07\"}]','Evidencer/197/Sitting 1/Session 1','2017-10-30 15:54:37','2017-10-30 15:56:11','\0','\0','','197',1001,'{\"document_tone\":{\"tones\":[{\"score\":0.825325,\"tone_id\":\"analytical\",\"tone_name\":\"Analytical\"}]},\"sentences_tone\":[{\"sentence_id\":0,\"text\":\"Speaker 0 : A little Speaker 1 : Hello how are you.\",\"tones\":[]},{\"sentence_id\":1,\"text\":\"Speaker 2 : Sure you Speaker 1 : Hello how are you sure you.\",\"tones\":[{\"score\":0.942582,\"tone_id\":\"confident\",\"tone_name\":\"Confident\"}]},{\"sentence_id\":2,\"text\":\"Speaker 2 : I thought of how you know microphone here you know.\",\"tones\":[{\"score\":0.920855,\"tone_id\":\"analytical\",\"tone_name\":\"Analytical\"}]},{\"sentence_id\":3,\"text\":\"Speaker 3 : Enough so that.\",\"tones\":[{\"score\":0.994057,\"tone_id\":\"analytical\",\"tone_name\":\"Analytical\"}]},{\"sentence_id\":4,\"text\":\"Speaker 0 : We can have a killer.\",\"tones\":[]},{\"sentence_id\":5,\"text\":\"Speaker 2 : Song coming up Speaker 2 : A little.\",\"tones\":[]},{\"sentence_id\":6,\"text\":\"Speaker 2 : Hello how are you.\",\"tones\":[]},{\"sentence_id\":7,\"text\":\"Speaker 1 : Sure you.\",\"tones\":[{\"score\":0.97759,\"tone_id\":\"confident\",\"tone_name\":\"Confident\"}]},{\"sentence_id\":8,\"text\":\"Speaker 2 : I thought of how you know microphone here you know enough so that.\",\"tones\":[{\"score\":0.974578,\"tone_id\":\"analytical\",\"tone_name\":\"Analytical\"}]},{\"sentence_id\":9,\"text\":\"Speaker 0 : We can have a.\",\"tones\":[]},{\"sentence_id\":10,\"text\":\"Speaker 2 : Killer song coming up.\",\"tones\":[]},{\"sentence_id\":11,\"text\":\"Speaker 0 : And the problem is that knowledge sticking with trying to get this going to.\",\"tones\":[{\"score\":0.524067,\"tone_id\":\"sadness\",\"tone_name\":\"Sadness\"},{\"score\":0.762356,\"tone_id\":\"analytical\",\"tone_name\":\"Analytical\"}]},{\"sentence_id\":12,\"text\":\"Speaker 2 : You etcetera I\'m coming back.\",\"tones\":[]},{\"sentence_id\":13,\"text\":\"Speaker 1 : In all of this was yeah you see this year Speaker 0 : And.\",\"tones\":[{\"score\":0.727798,\"tone_id\":\"confident\",\"tone_name\":\"Confident\"}]},{\"sentence_id\":14,\"text\":\"Speaker 2 : The problem is that knowledge sticking.\",\"tones\":[{\"score\":0.540875,\"tone_id\":\"sadness\",\"tone_name\":\"Sadness\"},{\"score\":0.920855,\"tone_id\":\"analytical\",\"tone_name\":\"Analytical\"}]},{\"sentence_id\":15,\"text\":\"Speaker 0 : With trying to get this going to.\",\"tones\":[{\"score\":0.5538,\"tone_id\":\"tentative\",\"tone_name\":\"Tentative\"}]},{\"sentence_id\":16,\"text\":\"Speaker 2 : It\'s just out of it Speaker 2 : Suddenly everything changed quite a bit Speaker 0 : In all of this was.\",\"tones\":[]},{\"sentence_id\":17,\"text\":\"Speaker 1 : Yeah you see this year.\",\"tones\":[]},{\"sentence_id\":18,\"text\":\"Speaker 1 : Surely Speaker 2 : I thought of how you know microphone here you know enough so that we can have a killer song coming up.\",\"tones\":[{\"score\":0.914626,\"tone_id\":\"analytical\",\"tone_name\":\"Analytical\"}]},{\"sentence_id\":19,\"text\":\"Speaker 1 : And.\",\"tones\":[]},{\"sentence_id\":20,\"text\":\"Speaker 1 : With.\",\"tones\":[]},{\"sentence_id\":21,\"text\":\"Speaker 2 : Trying to get this going to you etcetera I\'m coming back.\",\"tones\":[]},{\"sentence_id\":22,\"text\":\"Speaker 1 : The population if you got it now Speaker 2 : So what I\'m talking about it now Speaker 2 : I thought of how you know microphone here you know enough so that we can have a killer.\",\"tones\":[{\"score\":0.835372,\"tone_id\":\"analytical\",\"tone_name\":\"Analytical\"}]},{\"sentence_id\":23,\"text\":\"Speaker 1 : Song coming up.\",\"tones\":[{\"score\":0.553204,\"tone_id\":\"joy\",\"tone_name\":\"Joy\"}]},{\"sentence_id\":24,\"text\":\"Speaker 2 : I\'m sure you can go down\",\"tones\":[{\"score\":0.898327,\"tone_id\":\"confident\",\"tone_name\":\"Confident\"}]}]}','{\n  \"usage\": {\n    \"text_units\": 1,\n    \"text_characters\": 1981,\n    \"features\": 3\n  },\n  \"sentiment\": {\n    \"document\": {\n      \"score\": 0.0805608,\n      \"label\": \"positive\"\n    }\n  },\n  \"language\": \"en\",\n  \"keywords\": [\n    {\n      \"text\": \"Speaker\",\n      \"relevance\": 0.993202\n    },\n    {\n      \"text\": \"microphone\",\n      \"relevance\": 0.390393\n    },\n    {\n      \"text\": \"killer\",\n      \"relevance\": 0.386361\n    },\n    {\n      \"text\": \"problem\",\n      \"relevance\": 0.368586\n    },\n    {\n      \"text\": \"song\",\n      \"relevance\": 0.36193\n    },\n    {\n      \"text\": \"killer song\",\n      \"relevance\": 0.360998\n    },\n    {\n      \"text\": \"Hello\",\n      \"relevance\": 0.345558\n    },\n    {\n      \"text\": \"knowledge\",\n      \"relevance\": 0.342266\n    },\n    {\n      \"text\": \"knowledge sticking\",\n      \"relevance\": 0.330272\n    },\n    {\n      \"text\": \"tone\",\n      \"relevance\": 0.325496\n    },\n    {\n      \"text\": \"bit Speaker\",\n      \"relevance\": 0.32093\n    },\n    {\n      \"text\": \"little Speaker\",\n      \"relevance\": 0.32061\n    },\n    {\n      \"text\": \"population\",\n      \"relevance\": 0.310946\n    }\n  ],\n  \"entities\": []\n}','Smarter Judiciary',NULL),(2451,1,1,'2017-10-30','[{\"duration\":0,\"notes\":\"Recording Started\",\"speaker\":\"Clerk : senzit123\",\"timestamp\":\"10/30/2017  10:53:02\"},{\"duration\":\"32\",\"notes\":\"Recording Stopped\",\"speaker\":\"Clerk : senzit123\",\"timestamp\":\"10/30/2017  10:53:39\"}]','Evidencer/SW001/Sitting 1/Session 1','2017-10-30 17:22:58','2017-10-30 17:23:42','\0','\0','','SW001',1001,'null','null','Smarter Judiciary',NULL),(2461,1,1,'2017-10-30','[{\"duration\":0,\"notes\":\"Recording Started\",\"speaker\":\"Clerk : senzit123\",\"timestamp\":\"10/30/2017  11:10:52\"},{\"duration\":\"12\",\"notes\":\"But the minute \",\"speaker\":\"Speaker 0\",\"timestamp\":\"10/30/2017  11:11:09\"},{\"duration\":\"16\",\"notes\":\"Two thousand four two thousand five and two thousand six keep prosecutors tickets \",\"speaker\":\"Speaker 1\",\"timestamp\":\"10/30/2017  11:11:14\"},{\"duration\":\"20\",\"notes\":\"Toyota not from old floral five \",\"speaker\":\"Speaker 1\",\"timestamp\":\"10/30/2017  11:11:17\"},{\"duration\":\"22\",\"notes\":\"Won\'t even have copies of books are on \",\"speaker\":\"Speaker 1\",\"timestamp\":\"10/30/2017  11:11:20\"},{\"duration\":\"42\",\"notes\":\"Two thousand four two thousand five and two thousand six keep prosecutors tickets. \",\"speaker\":\"Speaker 0\",\"timestamp\":\"10/30/2017  11:11:41\"},{\"duration\":\"42\",\"notes\":\"Does manage going to be dismissed. \",\"speaker\":\"Speaker 0\",\"timestamp\":\"10/30/2017  11:11:41\"},{\"duration\":\"42\",\"notes\":\"I wasn\'t aware of any new I I\'m sorry well I think. \",\"speaker\":\"Speaker 1\",\"timestamp\":\"10/30/2017  11:11:41\"},{\"duration\":\"42\",\"notes\":\"The issue is that what you are aware of the issue is whether or not they were placed on the pick up when they were at the time you were living under night stream what socket \",\"speaker\":\"Speaker 0\",\"timestamp\":\"10/30/2017  11:11:41\"},{\"duration\":\"44\",\"notes\":\"We keep a track feel. \",\"speaker\":\"Speaker 0\",\"timestamp\":\"10/30/2017  11:11:43\"},{\"duration\":\"44\",\"notes\":\"It \",\"speaker\":\"Speaker 1\",\"timestamp\":\"10/30/2017  11:11:43\"},{\"duration\":\"48\",\"notes\":\"Then you got a ticket I\'m French of St two thousand and eight \",\"speaker\":\"Speaker 0\",\"timestamp\":\"10/30/2017  11:11:48\"},{\"duration\":\"52\",\"notes\":\"That was a parking meter a friendship street that\'s gonna cost you twenty five dollars \",\"speaker\":\"Speaker 0\",\"timestamp\":\"10/30/2017  11:11:51\"},{\"duration\":\"55\",\"notes\":\"They never party media two thousand and fourteen on friendship street \",\"speaker\":\"Speaker 0\",\"timestamp\":\"10/30/2017  11:11:55\"},{\"duration\":\"57\",\"notes\":\"Took a course you twenty five dollars \",\"speaker\":\"Speaker 0\",\"timestamp\":\"10/30/2017  11:11:57\"},{\"duration\":\"61\",\"notes\":\"So so far you know pretty good because oil gets fifty dollars \",\"speaker\":\"Speaker 0\",\"timestamp\":\"10/30/2017  11:12:02\"},{\"duration\":\"63\",\"notes\":\"And now you have for parking tickets \",\"speaker\":\"Speaker 0\",\"timestamp\":\"10/30/2017  11:12:05\"},{\"duration\":\"67\",\"notes\":\"I talked about the most recent one point three two months right \",\"speaker\":\"Speaker 1\",\"timestamp\":\"10/30/2017  11:12:09\"},{\"duration\":\"70\",\"notes\":\"Alright I want out. \",\"speaker\":\"Speaker 1\",\"timestamp\":\"10/30/2017  11:12:12\"},{\"duration\":\"70\",\"notes\":\"Under the sun \",\"speaker\":\"Speaker 0\",\"timestamp\":\"10/30/2017  11:12:12\"},{\"duration\":\"74\",\"notes\":\"Yeah the one on eleven when I went to so security because they had cut my checks \",\"speaker\":\"Speaker 1\",\"timestamp\":\"10/30/2017  11:12:18\"},{\"duration\":\"82\",\"notes\":\"We got by sled was recently killed last year so pick up my check yet old lady who \",\"speaker\":\"Speaker 1\",\"timestamp\":\"10/30/2017  11:12:27\"},{\"duration\":\"84\",\"notes\":\"Won\'t even have copies of books are on. \",\"speaker\":\"Speaker 0\",\"timestamp\":\"10/30/2017  11:12:29\"},{\"duration\":\"84\",\"notes\":\"But still get \",\"speaker\":\"Speaker 1\",\"timestamp\":\"10/30/2017  11:12:29\"},{\"duration\":\"85\",\"notes\":\"But at the \",\"speaker\":\"Speaker 1\",\"timestamp\":\"10/30/2017  11:12:30\"},{\"duration\":\"85\",\"notes\":\"Alright. \",\"speaker\":\"Speaker 0\",\"timestamp\":\"10/30/2017  11:12:31\"},{\"duration\":\"85\",\"notes\":\"I want out. \",\"speaker\":\"Speaker 1\",\"timestamp\":\"10/30/2017  11:12:31\"},{\"duration\":\"85\",\"notes\":\"But at. \",\"speaker\":\"Speaker 1\",\"timestamp\":\"10/30/2017  11:12:31\"},{\"duration\":\"85\",\"notes\":\"The. \",\"speaker\":\"Speaker 0\",\"timestamp\":\"10/30/2017  11:12:31\"},{\"duration\":\"85\",\"notes\":\"Really \",\"speaker\":\"Speaker 0\",\"timestamp\":\"10/30/2017  11:12:31\"},{\"duration\":\"88\",\"notes\":\"But the minute. \",\"speaker\":\"Speaker 1\",\"timestamp\":\"10/30/2017  11:12:34\"},{\"duration\":\"88\",\"notes\":\"The issue is that what you are aware of the issue is whether or. \",\"speaker\":\"Speaker 0\",\"timestamp\":\"10/30/2017  11:12:34\"},{\"duration\":\"88\",\"notes\":\"Not. \",\"speaker\":\"Speaker 1\",\"timestamp\":\"10/30/2017  11:12:34\"},{\"duration\":\"88\",\"notes\":\"They were placed on the pick up when they were at the time you were living under night stream what socket. \",\"speaker\":\"Speaker 0\",\"timestamp\":\"10/30/2017  11:12:34\"},{\"duration\":\"88\",\"notes\":\"Really. \",\"speaker\":\"Speaker 1\",\"timestamp\":\"10/30/2017  11:12:34\"},{\"duration\":\"88\",\"notes\":\"So I grabbed me \",\"speaker\":\"Speaker 1\",\"timestamp\":\"10/30/2017  11:12:34\"},{\"duration\":\"92\",\"notes\":\"We got by sled was recently killed last year so pick up my check yet old lady. \",\"speaker\":\"Speaker 1\",\"timestamp\":\"10/30/2017  11:12:38\"},{\"duration\":\"92\",\"notes\":\"Who. \",\"speaker\":\"Speaker 0\",\"timestamp\":\"10/30/2017  11:12:38\"},{\"duration\":\"92\",\"notes\":\"So. \",\"speaker\":\"Speaker 1\",\"timestamp\":\"10/30/2017  11:12:38\"},{\"duration\":\"92\",\"notes\":\"They put. \",\"speaker\":\"Speaker 0\",\"timestamp\":\"10/30/2017  11:12:38\"},{\"duration\":\"92\",\"notes\":\"My money because he had buddy \",\"speaker\":\"Speaker 1\",\"timestamp\":\"10/30/2017  11:12:38\"},{\"duration\":\"93\",\"notes\":\"i\'m Vincent\",\"speaker\":\"Judge : Vincent DiMaio\",\"timestamp\":\"10/30/2017  11:12:39\"},{\"duration\":\"96\",\"notes\":\"Toyota not. \",\"speaker\":\"Speaker 0\",\"timestamp\":\"10/30/2017  11:12:42\"},{\"duration\":\"96\",\"notes\":\"From old floral five. \",\"speaker\":\"Speaker 1\",\"timestamp\":\"10/30/2017  11:12:42\"},{\"duration\":\"96\",\"notes\":\"So I had the good fortune to fix that matter what I came up \",\"speaker\":\"Speaker 1\",\"timestamp\":\"10/30/2017  11:12:42\"},{\"duration\":\"102\",\"notes\":\"So they put my money because he had buddy. \",\"speaker\":\"Speaker 1\",\"timestamp\":\"10/30/2017  11:12:50\"},{\"duration\":\"102\",\"notes\":\"I have a ticket pendulum another time on the trip the parking meter wasn\'t working I have picked up that \",\"speaker\":\"Speaker 1\",\"timestamp\":\"10/30/2017  11:12:50\"},{\"duration\":\"105\",\"notes\":\"Club wonderful what \",\"speaker\":\"Speaker 1\",\"timestamp\":\"10/30/2017  11:12:54\"},{\"duration\":\"106\",\"notes\":\"Good night \",\"speaker\":\"Speaker 1\",\"timestamp\":\"10/30/2017  11:12:56\"},{\"duration\":\"107\",\"notes\":\"Yeah sure I know that many \",\"speaker\":\"Speaker 1\",\"timestamp\":\"10/30/2017  11:12:58\"},{\"duration\":\"109\",\"notes\":\"So that it should come out and I didn\'t take it \",\"speaker\":\"Speaker 1\",\"timestamp\":\"10/30/2017  11:13:02\"},{\"duration\":\"111\",\"notes\":\"Why do people positional \",\"speaker\":\"Speaker 1\",\"timestamp\":\"10/30/2017  11:13:05\"},{\"duration\":\"115\",\"notes\":\"I have a ticket pendulum another time on the trip the parking meter wasn\'t working. \",\"speaker\":\"Speaker 1\",\"timestamp\":\"10/30/2017  11:13:09\"},{\"duration\":\"115\",\"notes\":\"I have picked up that. \",\"speaker\":\"Speaker 0\",\"timestamp\":\"10/30/2017  11:13:09\"},{\"duration\":\"115\",\"notes\":\"So I had a ticket if you will possession up the apartment \",\"speaker\":\"Speaker 1\",\"timestamp\":\"10/30/2017  11:13:10\"},{\"duration\":\"115\",\"notes\":\"Recording Stopped\",\"speaker\":\"Clerk : senzit123\",\"timestamp\":\"10/30/2017  11:13:10\"}]','Evidencer/MURDER001/Sitting 1/Session 1','2017-10-30 17:40:51','2017-10-30 17:43:13','\0','\0','','MURDER001',1001,'{\"document_tone\":{\"tones\":[{\"score\":0.561901,\"tone_id\":\"tentative\",\"tone_name\":\"Tentative\"},{\"score\":0.54017,\"tone_id\":\"analytical\",\"tone_name\":\"Analytical\"}]},\"sentences_tone\":[{\"sentence_id\":0,\"text\":\"Speaker 0 : But the minute Speaker 1 : Two thousand four two thousand five and two thousand six keep prosecutors tickets Speaker 1 : Toyota not from old floral five Speaker 1 : Won\'t even have copies of books are on Speaker 0 : Two thousand four two thousand five and two thousand six keep prosecutors tickets.\",\"tones\":[]},{\"sentence_id\":1,\"text\":\"Speaker 0 : Does manage going to be dismissed.\",\"tones\":[]},{\"sentence_id\":2,\"text\":\"Speaker 1 : I wasn\'t aware of any new I I\'m sorry well I think.\",\"tones\":[{\"score\":0.681699,\"tone_id\":\"tentative\",\"tone_name\":\"Tentative\"},{\"score\":0.560098,\"tone_id\":\"analytical\",\"tone_name\":\"Analytical\"}]},{\"sentence_id\":3,\"text\":\"Speaker 0 : The issue is that what you are aware of the issue is whether or not they were placed on the pick up when they were at the time you were living under night stream what socket Speaker 0 : We keep a track feel.\",\"tones\":[{\"score\":0.762356,\"tone_id\":\"analytical\",\"tone_name\":\"Analytical\"}]},{\"sentence_id\":4,\"text\":\"Speaker 1 : It Speaker 0 : Then you got a ticket I\'m French of St two thousand and eight Speaker 0 : That was a parking meter a friendship street that\'s gonna cost you twenty five dollars Speaker 0 : They never party media two thousand and fourteen on friendship street Speaker 0 : Took a course you twenty five dollars Speaker 0 : So so far you know pretty good because oil gets fifty dollars Speaker 0 : And now you have for parking tickets Speaker 1 : I talked about the most recent one point three two months right Speaker 1 : Alright I want out.\",\"tones\":[]},{\"sentence_id\":5,\"text\":\"Speaker 0 : Under the sun Speaker 1 : Yeah the one on eleven when I went to so security because they had cut my checks Speaker 1 : We got by sled was recently killed last year so pick up my check yet old lady who Speaker 0 : Won\'t even have copies of books are on.\",\"tones\":[{\"score\":0.599216,\"tone_id\":\"sadness\",\"tone_name\":\"Sadness\"}]},{\"sentence_id\":6,\"text\":\"Speaker 1 : But still get Speaker 1 : But at the Speaker 0 : Alright.\",\"tones\":[]},{\"sentence_id\":7,\"text\":\"Speaker 1 : I want out.\",\"tones\":[]},{\"sentence_id\":8,\"text\":\"Speaker 1 : But at.\",\"tones\":[]},{\"sentence_id\":9,\"text\":\"Speaker 0 : The.\",\"tones\":[]},{\"sentence_id\":10,\"text\":\"Speaker 0 : Really Speaker 1 : But the minute.\",\"tones\":[{\"score\":0.762356,\"tone_id\":\"analytical\",\"tone_name\":\"Analytical\"}]},{\"sentence_id\":11,\"text\":\"Speaker 0 : The issue is that what you are aware of the issue is whether or.\",\"tones\":[{\"score\":0.615352,\"tone_id\":\"tentative\",\"tone_name\":\"Tentative\"},{\"score\":0.825947,\"tone_id\":\"analytical\",\"tone_name\":\"Analytical\"}]},{\"sentence_id\":12,\"text\":\"Speaker 1 : Not.\",\"tones\":[]},{\"sentence_id\":13,\"text\":\"Speaker 0 : They were placed on the pick up when they were at the time you were living under night stream what socket.\",\"tones\":[{\"score\":0.788547,\"tone_id\":\"analytical\",\"tone_name\":\"Analytical\"}]},{\"sentence_id\":14,\"text\":\"Speaker 1 : Really.\",\"tones\":[{\"score\":0.955445,\"tone_id\":\"analytical\",\"tone_name\":\"Analytical\"}]},{\"sentence_id\":15,\"text\":\"Speaker 1 : So I grabbed me Speaker 1 : We got by sled was recently killed last year so pick up my check yet old lady.\",\"tones\":[{\"score\":0.620279,\"tone_id\":\"analytical\",\"tone_name\":\"Analytical\"}]},{\"sentence_id\":16,\"text\":\"Speaker 0 : Who.\",\"tones\":[]},{\"sentence_id\":17,\"text\":\"Speaker 1 : So.\",\"tones\":[]},{\"sentence_id\":18,\"text\":\"Speaker 0 : They put.\",\"tones\":[]},{\"sentence_id\":19,\"text\":\"Speaker 1 : My money because he had buddy Speaker 0 : Toyota not.\",\"tones\":[{\"score\":0.620279,\"tone_id\":\"analytical\",\"tone_name\":\"Analytical\"}]},{\"sentence_id\":20,\"text\":\"Speaker 1 : From old floral five.\",\"tones\":[]},{\"sentence_id\":21,\"text\":\"Speaker 1 : So I had the good fortune to fix that matter what I came up\",\"tones\":[{\"score\":0.78711,\"tone_id\":\"joy\",\"tone_name\":\"Joy\"}]}]}','{\n  \"usage\": {\n    \"text_units\": 1,\n    \"text_characters\": 2215,\n    \"features\": 3\n  },\n  \"sentiment\": {\n    \"document\": {\n      \"score\": -0.287872,\n      \"label\": \"negative\"\n    }\n  },\n  \"language\": \"en\",\n  \"keywords\": [\n    {\n      \"text\": \"Speaker\",\n      \"relevance\": 0.91725\n    },\n    {\n      \"text\": \"night stream\",\n      \"relevance\": 0.42023\n    },\n    {\n      \"text\": \"prosecutors tickets\",\n      \"relevance\": 0.417987\n    },\n    {\n      \"text\": \"friendship street\",\n      \"relevance\": 0.40971\n    },\n    {\n      \"text\": \"prosecutors tickets Speaker\",\n      \"relevance\": 0.406768\n    },\n    {\n      \"text\": \"old lady\",\n      \"relevance\": 0.405969\n    },\n    {\n      \"text\": \"dollars Speaker\",\n      \"relevance\": 0.405135\n    },\n    {\n      \"text\": \"friendship street Speaker\",\n      \"relevance\": 0.395347\n    },\n    {\n      \"text\": \"parking tickets Speaker\",\n      \"relevance\": 0.392978\n    },\n    {\n      \"text\": \"track feel\",\n      \"relevance\": 0.36389\n    },\n    {\n      \"text\": \"parking meter\",\n      \"relevance\": 0.360475\n    },\n    {\n      \"text\": \"issue\",\n      \"relevance\": 0.354198\n    },\n    {\n      \"text\": \"socket Speaker\",\n      \"relevance\": 0.353714\n    },\n    {\n      \"text\": \"good fortune\",\n      \"relevance\": 0.3537\n    },\n    {\n      \"text\": \"sun Speaker\",\n      \"relevance\": 0.351745\n    },\n    {\n      \"text\": \"checks Speaker\",\n      \"relevance\": 0.35125\n    },\n    {\n      \"text\": \"buddy Speaker\",\n      \"relevance\": 0.348427\n    },\n    {\n      \"text\": \"Toyota\",\n      \"relevance\": 0.332435\n    },\n    {\n      \"text\": \"copies\",\n      \"relevance\": 0.332324\n    },\n    {\n      \"text\": \"books\",\n      \"relevance\": 0.330247\n    },\n    {\n      \"text\": \"time\",\n      \"relevance\": 0.328155\n    },\n    {\n      \"text\": \"pick\",\n      \"relevance\": 0.327342\n    },\n    {\n      \"text\": \"Alright\",\n      \"relevance\": 0.317712\n    },\n    {\n      \"text\": \"media\",\n      \"relevance\": 0.313617\n    },\n    {\n      \"text\": \"course\",\n      \"relevance\": 0.313576\n    },\n    {\n      \"text\": \"oil\",\n      \"relevance\": 0.313526\n    },\n    {\n      \"text\": \"point\",\n      \"relevance\": 0.31345\n    }\n  ],\n  \"entities\": [\n    {\n      \"type\": \"Company\",\n      \"text\": \"Toyota\",\n      \"relevance\": 0.922433,\n      \"disambiguation\": {\n        \"subtype\": [\n          \"AutomobileCompany\",\n          \"ManufacturingPlant\",\n          \"AwardWinner\"\n        ],\n        \"name\": \"Toyota\",\n        \"dbpedia_resource\": \"http://dbpedia.org/resource/Toyota\"\n      },\n      \"count\": 2\n    },\n    {\n      \"type\": \"Quantity\",\n      \"text\": \"twenty five dollars\",\n      \"relevance\": 0.922433,\n      \"count\": 2\n    },\n    {\n      \"type\": \"Quantity\",\n      \"text\": \"three two months\",\n      \"relevance\": 0.922433,\n      \"count\": 1\n    },\n    {\n      \"type\": \"Quantity\",\n      \"text\": \"fifty dollars\",\n      \"relevance\": 0.922433,\n      \"count\": 1\n    }\n  ]\n}','Smarter Judiciary',NULL),(2471,10,1,'2017-10-31','[{\"duration\":0,\"notes\":\"Recording Started\",\"speaker\":\"Clerk : senzit123\",\"timestamp\":\"10/30/2017  10:53:02\"},{\"duration\":\"32\",\"notes\":\"Recording Stopped\",\"speaker\":\"Clerk : senzit123\",\"timestamp\":\"10/30/2017  10:53:39\"}]','Evidencer/MURDER001/Sitting 1/Session 1','2017-10-31 17:44:04','2017-10-30 17:43:13','\0','\0','','SE001',1001,NULL,NULL,NULL,NULL),(2481,1,1,'2017-10-31','[{\"duration\":0,\"notes\":\"Recording Started\",\"speaker\":\"Clerk : senzit123\",\"timestamp\":\"10/30/2017  10:53:02\"},{\"duration\":\"32\",\"notes\":\"Recording Stopped\",\"speaker\":\"Clerk : senzit123\",\"timestamp\":\"10/30/2017  10:53:39\"}]','Evidencer/MURDER001/Sitting 1/Session 1','2017-10-31 17:46:24','2017-10-30 17:43:13','\0','\0','','MUR001',1001,NULL,NULL,NULL,NULL),(2491,1,1,'2017-10-31','[{\"duration\":0,\"notes\":\"Recording Started\",\"speaker\":\"Clerk : senzit123\",\"timestamp\":\"10/30/2017  10:53:02\"},{\"duration\":\"32\",\"notes\":\"Recording Stopped\",\"speaker\":\"Clerk : senzit123\",\"timestamp\":\"10/30/2017  10:53:39\"}]','Evidencer/MURDER001/Sitting 1/Session 1','2017-10-31 17:47:47','2017-10-30 17:43:13','\0','\0','','MU001',1001,NULL,NULL,NULL,NULL),(2501,1,1,'2017-10-31','[{\"duration\":0,\"notes\":\"Recording Started\",\"speaker\":\"Clerk : senzit123\",\"timestamp\":\"10/31/2017  11:20:45\"},{\"duration\":\"10\",\"notes\":\"And that\'s the way \",\"speaker\":\"Speaker 0\",\"timestamp\":\"10/31/2017  11:21:01\"},{\"duration\":\"18\",\"notes\":\"So. \",\"speaker\":\"Speaker 1\",\"timestamp\":\"10/31/2017  11:21:09\"},{\"duration\":\"18\",\"notes\":\"What did happen that night. \",\"speaker\":\"Speaker 2\",\"timestamp\":\"10/31/2017  11:21:09\"},{\"duration\":\"18\",\"notes\":\"Darlene I discussed. \",\"speaker\":\"Speaker 1\",\"timestamp\":\"10/31/2017  11:21:09\"},{\"duration\":\"18\",\"notes\":\"Earlier \",\"speaker\":\"Speaker 3\",\"timestamp\":\"10/31/2017  11:21:09\"},{\"duration\":\"21\",\"notes\":\"And that\'s the way. \",\"speaker\":\"Speaker 2\",\"timestamp\":\"10/31/2017  11:21:12\"},{\"duration\":\"21\",\"notes\":\"What what you up \",\"speaker\":\"Speaker 3\",\"timestamp\":\"10/31/2017  11:21:12\"},{\"duration\":\"31\",\"notes\":\"Recording Stopped\",\"speaker\":\"Clerk : senzit123\",\"timestamp\":\"10/31/2017  11:21:24\"}]','Evidencer/MC001/Sitting 1/Session 1','2017-10-31 17:50:43','2017-10-31 17:51:27','\0','\0','','MC001',1001,'null','null','Smarter Judiciary',NULL),(2511,1,1,'2017-10-31','[{\"duration\":0,\"notes\":\"Recording Started\",\"speaker\":\"Clerk : senzit123\",\"timestamp\":\"10/31/2017  11:22:07\"},{\"duration\":\"19\",\"notes\":\"Iraq. \",\"speaker\":\"Speaker 0\",\"timestamp\":\"10/31/2017  11:22:31\"},{\"duration\":\"19\",\"notes\":\"Is still visible but she has not better if the attack. \",\"speaker\":\"Speaker 1\",\"timestamp\":\"10/31/2017  11:22:31\"},{\"duration\":\"19\",\"notes\":\"Try. \",\"speaker\":\"Speaker 2\",\"timestamp\":\"10/31/2017  11:22:31\"},{\"duration\":\"19\",\"notes\":\"It target. \",\"speaker\":\"Speaker 0\",\"timestamp\":\"10/31/2017  11:22:31\"},{\"duration\":\"19\",\"notes\":\"Secret it. \",\"speaker\":\"Speaker 1\",\"timestamp\":\"10/31/2017  11:22:31\"},{\"duration\":\"19\",\"notes\":\"Would be hard just like Robert \",\"speaker\":\"Speaker 0\",\"timestamp\":\"10/31/2017  11:22:31\"},{\"duration\":\"22\",\"notes\":\"Would be hard just like Robert. \",\"speaker\":\"Speaker 2\",\"timestamp\":\"10/31/2017  11:22:34\"},{\"duration\":\"22\",\"notes\":\"What \",\"speaker\":\"Speaker 0\",\"timestamp\":\"10/31/2017  11:22:34\"},{\"duration\":\"27\",\"notes\":\"What. \",\"speaker\":\"Speaker 2\",\"timestamp\":\"10/31/2017  11:22:41\"},{\"duration\":\"27\",\"notes\":\"Scriptures which scenery \",\"speaker\":\"Speaker 2\",\"timestamp\":\"10/31/2017  11:22:41\"},{\"duration\":\"31\",\"notes\":\"Is still visible but she has not better if the attack try. \",\"speaker\":\"Speaker 1\",\"timestamp\":\"10/31/2017  11:22:45\"},{\"duration\":\"31\",\"notes\":\"Can you imagine what \",\"speaker\":\"Speaker 2\",\"timestamp\":\"10/31/2017  11:22:45\"},{\"duration\":\"38\",\"notes\":\"Iraq is still visible but she has not better if the attack try it target secret it would be hard just like Robert. \",\"speaker\":\"Speaker 1\",\"timestamp\":\"10/31/2017  11:22:53\"},{\"duration\":\"38\",\"notes\":\"But what do you think that if you can\'t remember which company is cut through it \",\"speaker\":\"Speaker 2\",\"timestamp\":\"10/31/2017  11:22:53\"},{\"duration\":\"40\",\"notes\":\"It\'s hard to \",\"speaker\":\"Speaker 2\",\"timestamp\":\"10/31/2017  11:22:56\"},{\"duration\":\"45\",\"notes\":\"What \",\"speaker\":\"Speaker 2\",\"timestamp\":\"10/31/2017  11:23:02\"},{\"duration\":\"48\",\"notes\":\"But whatever \",\"speaker\":\"Speaker 2\",\"timestamp\":\"10/31/2017  11:23:06\"},{\"duration\":\"48\",\"notes\":\"Recording Stopped\",\"speaker\":\"Clerk : senzit123\",\"timestamp\":\"10/31/2017  11:23:06\"}]','Evidencer/M001/Sitting 1/Session 1','2017-10-31 17:52:06','2017-10-31 17:53:08','\0','\0','','M001',1001,'{\"document_tone\":{\"tones\":[{\"score\":0.676014,\"tone_id\":\"analytical\",\"tone_name\":\"Analytical\"},{\"score\":0.906947,\"tone_id\":\"tentative\",\"tone_name\":\"Tentative\"}]},\"sentences_tone\":[{\"sentence_id\":0,\"text\":\"Speaker 0 : Iraq.\",\"tones\":[]},{\"sentence_id\":1,\"text\":\"Speaker 1 : Is still visible but she has not better if the attack.\",\"tones\":[{\"score\":0.520773,\"tone_id\":\"fear\",\"tone_name\":\"Fear\"},{\"score\":0.589295,\"tone_id\":\"analytical\",\"tone_name\":\"Analytical\"}]},{\"sentence_id\":2,\"text\":\"Speaker 2 : Try.\",\"tones\":[{\"score\":0.946222,\"tone_id\":\"tentative\",\"tone_name\":\"Tentative\"}]},{\"sentence_id\":3,\"text\":\"Speaker 0 : It target.\",\"tones\":[]},{\"sentence_id\":4,\"text\":\"Speaker 1 : Secret it.\",\"tones\":[{\"score\":0.608943,\"tone_id\":\"joy\",\"tone_name\":\"Joy\"}]},{\"sentence_id\":5,\"text\":\"Speaker 0 : Would be hard just like Robert Speaker 2 : Would be hard just like Robert.\",\"tones\":[{\"score\":0.961411,\"tone_id\":\"tentative\",\"tone_name\":\"Tentative\"}]},{\"sentence_id\":6,\"text\":\"Speaker 0 : What Speaker 2 : What.\",\"tones\":[]},{\"sentence_id\":7,\"text\":\"Speaker 2 : Scriptures which scenery Speaker 1 : Is still visible but she has not better if the attack try.\",\"tones\":[]},{\"sentence_id\":8,\"text\":\"Speaker 2 : Can you imagine what Speaker 1 : Iraq is still visible but she has not better if the attack try it target secret it would be hard just like Robert.\",\"tones\":[{\"score\":0.5633,\"tone_id\":\"fear\",\"tone_name\":\"Fear\"},{\"score\":0.519491,\"tone_id\":\"analytical\",\"tone_name\":\"Analytical\"},{\"score\":0.631525,\"tone_id\":\"tentative\",\"tone_name\":\"Tentative\"}]},{\"sentence_id\":9,\"text\":\"Speaker 2 : But what do you think that if you can\'t remember which company is cut through it\",\"tones\":[{\"score\":0.842108,\"tone_id\":\"analytical\",\"tone_name\":\"Analytical\"}]}]}','{\n  \"usage\": {\n    \"text_units\": 1,\n    \"text_characters\": 656,\n    \"features\": 3\n  },\n  \"sentiment\": {\n    \"document\": {\n      \"score\": -0.23239,\n      \"label\": \"negative\"\n    }\n  },\n  \"language\": \"en\",\n  \"keywords\": [\n    {\n      \"text\": \"Speaker\",\n      \"relevance\": 0.949708\n    },\n    {\n      \"text\": \"attack\",\n      \"relevance\": 0.434403\n    },\n    {\n      \"text\": \"Robert\",\n      \"relevance\": 0.404147\n    },\n    {\n      \"text\": \"attack try\",\n      \"relevance\": 0.396904\n    },\n    {\n      \"text\": \"Iraq\",\n      \"relevance\": 0.389211\n    },\n    {\n      \"text\": \"Robert Speaker\",\n      \"relevance\": 0.349834\n    },\n    {\n      \"text\": \"Scriptures\",\n      \"relevance\": 0.335119\n    },\n    {\n      \"text\": \"company\",\n      \"relevance\": 0.332782\n    },\n    {\n      \"text\": \"target\",\n      \"relevance\": 0.331571\n    }\n  ],\n  \"entities\": [\n    {\n      \"type\": \"Person\",\n      \"text\": \"Robert Speaker\",\n      \"relevance\": 0.938382,\n      \"count\": 8\n    },\n    {\n      \"type\": \"Location\",\n      \"text\": \"Iraq\",\n      \"relevance\": 0.193195,\n      \"disambiguation\": {\n        \"subtype\": [\n          \"Country\"\n        ]\n      },\n      \"count\": 2\n    }\n  ]\n}','Smarter Judiciary',NULL),(2521,1,1,'2017-11-01','[{\"duration\":0,\"notes\":\"Recording Started\",\"speaker\":\"Clerk : senzit123\",\"timestamp\":\"11/1/2017  12:43:40\"},{\"duration\":\"28\",\"notes\":\"Hello \",\"speaker\":\"Speaker 0\",\"timestamp\":\"11/1/2017  12:44:09\"},{\"duration\":\"30\",\"notes\":\"Our inner \",\"speaker\":\"Speaker 1\",\"timestamp\":\"11/1/2017  12:44:12\"},{\"duration\":\"42\",\"notes\":\"Our inner. \",\"speaker\":\"Speaker 0\",\"timestamp\":\"11/1/2017  12:44:23\"},{\"duration\":\"42\",\"notes\":\"Are going to know that are known closer slaughter of. \",\"speaker\":\"Speaker 1\",\"timestamp\":\"11/1/2017  12:44:23\"},{\"duration\":\"42\",\"notes\":\"Simple solutions that have what some of the socio \",\"speaker\":\"Speaker 2\",\"timestamp\":\"11/1/2017  12:44:23\"},{\"duration\":\"43\",\"notes\":\"Which is a marine \",\"speaker\":\"Speaker 2\",\"timestamp\":\"11/1/2017  12:44:24\"},{\"duration\":\"44\",\"notes\":\"Or harm crime \",\"speaker\":\"Speaker 0\",\"timestamp\":\"11/1/2017  12:44:26\"},{\"duration\":\"47\",\"notes\":\"Are going to know that are known. \",\"speaker\":\"Speaker 1\",\"timestamp\":\"11/1/2017  12:44:29\"},{\"duration\":\"47\",\"notes\":\"Closer slaughter of simple solutions that have what some of the socio. \",\"speaker\":\"Speaker 2\",\"timestamp\":\"11/1/2017  12:44:29\"},{\"duration\":\"47\",\"notes\":\"Or harm crime. \",\"speaker\":\"Speaker 1\",\"timestamp\":\"11/1/2017  12:44:29\"},{\"duration\":\"47\",\"notes\":\"Are those. \",\"speaker\":\"Speaker 1\",\"timestamp\":\"11/1/2017  12:44:29\"},{\"duration\":\"47\",\"notes\":\"The same time \",\"speaker\":\"Speaker 2\",\"timestamp\":\"11/1/2017  12:44:29\"},{\"duration\":\"51\",\"notes\":\"Hello. \",\"speaker\":\"Speaker 1\",\"timestamp\":\"11/1/2017  12:44:33\"},{\"duration\":\"51\",\"notes\":\"Which is a marine. \",\"speaker\":\"Speaker 0\",\"timestamp\":\"11/1/2017  12:44:33\"},{\"duration\":\"51\",\"notes\":\"Luis Gonzalez Amish. \",\"speaker\":\"Speaker 2\",\"timestamp\":\"11/1/2017  12:44:33\"},{\"duration\":\"51\",\"notes\":\"Unchanging Robert \",\"speaker\":\"Speaker 0\",\"timestamp\":\"11/1/2017  12:44:33\"},{\"duration\":\"53\",\"notes\":\"Luis Gonzalez Amish unchanging Robert. \",\"speaker\":\"Speaker 2\",\"timestamp\":\"11/1/2017  12:44:35\"},{\"duration\":\"53\",\"notes\":\"Armed struggle for those \",\"speaker\":\"Speaker 2\",\"timestamp\":\"11/1/2017  12:44:35\"},{\"duration\":\"56\",\"notes\":\"Great unbecoming in Arabic \",\"speaker\":\"Speaker 1\",\"timestamp\":\"11/1/2017  12:44:38\"},{\"duration\":\"58\",\"notes\":\"Closer slaughter of. \",\"speaker\":\"Speaker 2\",\"timestamp\":\"11/1/2017  12:44:40\"},{\"duration\":\"58\",\"notes\":\"Simple solutions that have what some of the socio. \",\"speaker\":\"Speaker 0\",\"timestamp\":\"11/1/2017  12:44:40\"},{\"duration\":\"58\",\"notes\":\"Well the song real time \",\"speaker\":\"Speaker 2\",\"timestamp\":\"11/1/2017  12:44:40\"},{\"duration\":\"64\",\"notes\":\"Are going to know that are known closer slaughter of. \",\"speaker\":\"Speaker 2\",\"timestamp\":\"11/1/2017  12:44:45\"},{\"duration\":\"64\",\"notes\":\"Arm and. \",\"speaker\":\"Speaker 1\",\"timestamp\":\"11/1/2017  12:44:45\"},{\"duration\":\"64\",\"notes\":\"Take the multiple speakers \",\"speaker\":\"Speaker 0\",\"timestamp\":\"11/1/2017  12:44:45\"},{\"duration\":\"68\",\"notes\":\"Take the multiple speakers. \",\"speaker\":\"Speaker 2\",\"timestamp\":\"11/1/2017  12:44:50\"},{\"duration\":\"68\",\"notes\":\"Armed with the heart of the corona listens \",\"speaker\":\"Speaker 2\",\"timestamp\":\"11/1/2017  12:44:50\"},{\"duration\":\"75\",\"notes\":\"Jarred tended to round little \",\"speaker\":\"Speaker 0\",\"timestamp\":\"11/1/2017  12:44:56\"},{\"duration\":\"77\",\"notes\":\"I\'m I\'m really concerned about this \",\"speaker\":\"Speaker 2\",\"timestamp\":\"11/1/2017  12:44:59\"},{\"duration\":\"80\",\"notes\":\"The voters of fish the good \",\"speaker\":\"Speaker 0\",\"timestamp\":\"11/1/2017  12:45:02\"},{\"duration\":\"82\",\"notes\":\"Jarred tended to round little. \",\"speaker\":\"Speaker 2\",\"timestamp\":\"11/1/2017  12:45:04\"},{\"duration\":\"82\",\"notes\":\"The voters of fish the good. \",\"speaker\":\"Speaker 2\",\"timestamp\":\"11/1/2017  12:45:04\"},{\"duration\":\"82\",\"notes\":\"Arm \",\"speaker\":\"Speaker 1\",\"timestamp\":\"11/1/2017  12:45:04\"},{\"duration\":\"87\",\"notes\":\"Under NC the allowed someone loves \",\"speaker\":\"Speaker 2\",\"timestamp\":\"11/1/2017  12:45:09\"},{\"duration\":\"89\",\"notes\":\"I was also its overall sentiment \",\"speaker\":\"Speaker 0\",\"timestamp\":\"11/1/2017  12:45:11\"},{\"duration\":\"91\",\"notes\":\"Simple solutions that have what some of the socio. \",\"speaker\":\"Speaker 3\",\"timestamp\":\"11/1/2017  12:45:13\"},{\"duration\":\"91\",\"notes\":\"Which is a marine. \",\"speaker\":\"Speaker 3\",\"timestamp\":\"11/1/2017  12:45:13\"},{\"duration\":\"91\",\"notes\":\"Unchanging Robert. \",\"speaker\":\"Speaker 3\",\"timestamp\":\"11/1/2017  12:45:13\"},{\"duration\":\"91\",\"notes\":\"Take the multiple speakers. \",\"speaker\":\"Speaker 3\",\"timestamp\":\"11/1/2017  12:45:13\"},{\"duration\":\"91\",\"notes\":\"Jarred tended to round little. \",\"speaker\":\"Speaker 3\",\"timestamp\":\"11/1/2017  12:45:13\"},{\"duration\":\"91\",\"notes\":\"The voters of fish the good. \",\"speaker\":\"Speaker 3\",\"timestamp\":\"11/1/2017  12:45:13\"},{\"duration\":\"91\",\"notes\":\"In words \",\"speaker\":\"Speaker 0\",\"timestamp\":\"11/1/2017  12:45:13\"},{\"duration\":\"94\",\"notes\":\"I was also its overall sentiment. \",\"speaker\":\"Speaker 1\",\"timestamp\":\"11/1/2017  12:45:16\"},{\"duration\":\"94\",\"notes\":\"In words. \",\"speaker\":\"Speaker 3\",\"timestamp\":\"11/1/2017  12:45:16\"},{\"duration\":\"94\",\"notes\":\"Simple solutions \",\"speaker\":\"Speaker 3\",\"timestamp\":\"11/1/2017  12:45:16\"},{\"duration\":\"97\",\"notes\":\"Covers how the system works \",\"speaker\":\"Speaker 2\",\"timestamp\":\"11/1/2017  12:45:19\"},{\"duration\":\"103\",\"notes\":\"Hello. \",\"speaker\":\"Speaker 2\",\"timestamp\":\"11/1/2017  12:45:25\"},{\"duration\":\"103\",\"notes\":\"Our inner. \",\"speaker\":\"Speaker 2\",\"timestamp\":\"11/1/2017  12:45:25\"},{\"duration\":\"103\",\"notes\":\"Closer slaughter of simple solutions that have what some of the socio. \",\"speaker\":\"Speaker 3\",\"timestamp\":\"11/1/2017  12:45:25\"},{\"duration\":\"103\",\"notes\":\"The same time. \",\"speaker\":\"Speaker 3\",\"timestamp\":\"11/1/2017  12:45:25\"},{\"duration\":\"103\",\"notes\":\"Luis Gonzalez Amish unchanging Robert. \",\"speaker\":\"Speaker 3\",\"timestamp\":\"11/1/2017  12:45:25\"},{\"duration\":\"103\",\"notes\":\"Armed struggle for those. \",\"speaker\":\"Speaker 3\",\"timestamp\":\"11/1/2017  12:45:25\"},{\"duration\":\"103\",\"notes\":\"Well the song real time. \",\"speaker\":\"Speaker 3\",\"timestamp\":\"11/1/2017  12:45:25\"},{\"duration\":\"103\",\"notes\":\"Armed with the heart of the corona listens. \",\"speaker\":\"Speaker 3\",\"timestamp\":\"11/1/2017  12:45:25\"},{\"duration\":\"103\",\"notes\":\"I\'m I\'m really concerned about this. \",\"speaker\":\"Speaker 3\",\"timestamp\":\"11/1/2017  12:45:25\"},{\"duration\":\"103\",\"notes\":\"Under NC the allowed someone loves. \",\"speaker\":\"Speaker 3\",\"timestamp\":\"11/1/2017  12:45:25\"},{\"duration\":\"103\",\"notes\":\"I was also its overall sentiment. \",\"speaker\":\"Speaker 2\",\"timestamp\":\"11/1/2017  12:45:25\"},{\"duration\":\"103\",\"notes\":\"Covers how the system works. \",\"speaker\":\"Speaker 3\",\"timestamp\":\"11/1/2017  12:45:25\"},{\"duration\":\"103\",\"notes\":\"Arum burn American think continents ambiguity \",\"speaker\":\"Speaker 1\",\"timestamp\":\"11/1/2017  12:45:25\"},{\"duration\":\"106\",\"notes\":\"So hard it caused a bit of important organ \",\"speaker\":\"Speaker 3\",\"timestamp\":\"11/1/2017  12:45:29\"},{\"duration\":\"112\",\"notes\":\"Closer slaughter of. \",\"speaker\":\"Speaker 0\",\"timestamp\":\"11/1/2017  12:45:35\"},{\"duration\":\"112\",\"notes\":\"The same time. \",\"speaker\":\"Speaker 0\",\"timestamp\":\"11/1/2017  12:45:35\"},{\"duration\":\"112\",\"notes\":\"Luis Gonzalez Amish. \",\"speaker\":\"Speaker 0\",\"timestamp\":\"11/1/2017  12:45:35\"},{\"duration\":\"112\",\"notes\":\"Armed struggle for those. \",\"speaker\":\"Speaker 0\",\"timestamp\":\"11/1/2017  12:45:35\"},{\"duration\":\"112\",\"notes\":\"Well the song real time. \",\"speaker\":\"Speaker 0\",\"timestamp\":\"11/1/2017  12:45:35\"},{\"duration\":\"112\",\"notes\":\"Armed with the heart of the corona listens. \",\"speaker\":\"Speaker 0\",\"timestamp\":\"11/1/2017  12:45:35\"},{\"duration\":\"112\",\"notes\":\"I\'m I\'m really concerned about this. \",\"speaker\":\"Speaker 0\",\"timestamp\":\"11/1/2017  12:45:35\"},{\"duration\":\"112\",\"notes\":\"Under NC the allowed someone loves. \",\"speaker\":\"Speaker 0\",\"timestamp\":\"11/1/2017  12:45:35\"},{\"duration\":\"112\",\"notes\":\"Covers how the system works. \",\"speaker\":\"Speaker 0\",\"timestamp\":\"11/1/2017  12:45:35\"},{\"duration\":\"112\",\"notes\":\"I\'m in charge likely \",\"speaker\":\"Speaker 3\",\"timestamp\":\"11/1/2017  12:45:35\"},{\"duration\":\"115\",\"notes\":\"Closer slaughter of simple. \",\"speaker\":\"Speaker 0\",\"timestamp\":\"11/1/2017  12:45:37\"},{\"duration\":\"115\",\"notes\":\"Solutions that have what some of the socio. \",\"speaker\":\"Speaker 3\",\"timestamp\":\"11/1/2017  12:45:37\"},{\"duration\":\"115\",\"notes\":\"A lot can change \",\"speaker\":\"Speaker 3\",\"timestamp\":\"11/1/2017  12:45:37\"},{\"duration\":\"116\",\"notes\":\"French \",\"speaker\":\"Speaker 3\",\"timestamp\":\"11/1/2017  12:45:38\"},{\"duration\":\"118\",\"notes\":\"Are those the same time. \",\"speaker\":\"Speaker 1\",\"timestamp\":\"11/1/2017  12:45:41\"},{\"duration\":\"118\",\"notes\":\"Luis Gonzalez Amish. \",\"speaker\":\"Speaker 1\",\"timestamp\":\"11/1/2017  12:45:41\"},{\"duration\":\"118\",\"notes\":\"Armed struggle for those. \",\"speaker\":\"Speaker 1\",\"timestamp\":\"11/1/2017  12:45:41\"},{\"duration\":\"118\",\"notes\":\"Well the song real time. \",\"speaker\":\"Speaker 1\",\"timestamp\":\"11/1/2017  12:45:41\"},{\"duration\":\"118\",\"notes\":\"Armed with the heart of the corona listens. \",\"speaker\":\"Speaker 1\",\"timestamp\":\"11/1/2017  12:45:41\"},{\"duration\":\"118\",\"notes\":\"I\'m I\'m really concerned about this. \",\"speaker\":\"Speaker 1\",\"timestamp\":\"11/1/2017  12:45:41\"},{\"duration\":\"118\",\"notes\":\"Under NC the allowed someone loves. \",\"speaker\":\"Speaker 1\",\"timestamp\":\"11/1/2017  12:45:41\"},{\"duration\":\"118\",\"notes\":\"Order climb \",\"speaker\":\"Speaker 2\",\"timestamp\":\"11/1/2017  12:45:41\"},{\"duration\":\"122\",\"notes\":\"Are going to know that are known. \",\"speaker\":\"Speaker 2\",\"timestamp\":\"11/1/2017  12:45:45\"},{\"duration\":\"122\",\"notes\":\"Closer slaughter of simple solutions that have what some of the socio. \",\"speaker\":\"Speaker 1\",\"timestamp\":\"11/1/2017  12:45:45\"},{\"duration\":\"122\",\"notes\":\"Or harm crime. \",\"speaker\":\"Speaker 2\",\"timestamp\":\"11/1/2017  12:45:45\"},{\"duration\":\"122\",\"notes\":\"Are those. \",\"speaker\":\"Speaker 2\",\"timestamp\":\"11/1/2017  12:45:45\"},{\"duration\":\"122\",\"notes\":\"The same time. \",\"speaker\":\"Speaker 1\",\"timestamp\":\"11/1/2017  12:45:45\"},{\"duration\":\"122\",\"notes\":\"Great unbecoming in Arabic. \",\"speaker\":\"Speaker 2\",\"timestamp\":\"11/1/2017  12:45:45\"},{\"duration\":\"122\",\"notes\":\"Arm and. \",\"speaker\":\"Speaker 2\",\"timestamp\":\"11/1/2017  12:45:45\"},{\"duration\":\"122\",\"notes\":\"Take the multiple speakers. \",\"speaker\":\"Speaker 1\",\"timestamp\":\"11/1/2017  12:45:45\"},{\"duration\":\"122\",\"notes\":\"Jarred tended to round little. \",\"speaker\":\"Speaker 1\",\"timestamp\":\"11/1/2017  12:45:45\"},{\"duration\":\"122\",\"notes\":\"The voters of fish the good. \",\"speaker\":\"Speaker 1\",\"timestamp\":\"11/1/2017  12:45:45\"},{\"duration\":\"122\",\"notes\":\"Arm. \",\"speaker\":\"Speaker 2\",\"timestamp\":\"11/1/2017  12:45:45\"},{\"duration\":\"122\",\"notes\":\"In words. \",\"speaker\":\"Speaker 1\",\"timestamp\":\"11/1/2017  12:45:45\"},{\"duration\":\"122\",\"notes\":\"Simple solutions. \",\"speaker\":\"Speaker 1\",\"timestamp\":\"11/1/2017  12:45:45\"},{\"duration\":\"122\",\"notes\":\"Covers how the system works. \",\"speaker\":\"Speaker 1\",\"timestamp\":\"11/1/2017  12:45:45\"},{\"duration\":\"122\",\"notes\":\"Arum burn. \",\"speaker\":\"Speaker 2\",\"timestamp\":\"11/1/2017  12:45:45\"},{\"duration\":\"122\",\"notes\":\"American think continents ambiguity. \",\"speaker\":\"Speaker 1\",\"timestamp\":\"11/1/2017  12:45:45\"},{\"duration\":\"122\",\"notes\":\"So hard it caused a bit of important organ. \",\"speaker\":\"Speaker 1\",\"timestamp\":\"11/1/2017  12:45:45\"},{\"duration\":\"122\",\"notes\":\"Arching hunch \",\"speaker\":\"Speaker 3\",\"timestamp\":\"11/1/2017  12:45:45\"},{\"duration\":\"126\",\"notes\":\"Closer slaughter of simple. \",\"speaker\":\"Speaker 1\",\"timestamp\":\"11/1/2017  12:45:49\"},{\"duration\":\"126\",\"notes\":\"Arching. \",\"speaker\":\"Speaker 2\",\"timestamp\":\"11/1/2017  12:45:49\"},{\"duration\":\"126\",\"notes\":\"Hunch. \",\"speaker\":\"Speaker 3\",\"timestamp\":\"11/1/2017  12:45:49\"},{\"duration\":\"126\",\"notes\":\"What\'s. \",\"speaker\":\"Speaker 3\",\"timestamp\":\"11/1/2017  12:45:49\"},{\"duration\":\"126\",\"notes\":\"Going on \",\"speaker\":\"Speaker 2\",\"timestamp\":\"11/1/2017  12:45:49\"},{\"duration\":\"130\",\"notes\":\"Hard work is number \",\"speaker\":\"Speaker 1\",\"timestamp\":\"11/1/2017  12:45:53\"},{\"duration\":\"133\",\"notes\":\"Barghouti Colombo \",\"speaker\":\"Speaker 1\",\"timestamp\":\"11/1/2017  12:45:57\"},{\"duration\":\"140\",\"notes\":\"Are going to know that are known closer slaughter of simple. \",\"speaker\":\"Speaker 1\",\"timestamp\":\"11/1/2017  12:46:03\"},{\"duration\":\"140\",\"notes\":\"And. \",\"speaker\":\"Speaker 2\",\"timestamp\":\"11/1/2017  12:46:03\"},{\"duration\":\"140\",\"notes\":\"Barghouti Colombo. \",\"speaker\":\"Speaker 2\",\"timestamp\":\"11/1/2017  12:46:03\"},{\"duration\":\"140\",\"notes\":\"Once a blogger Manhattan. \",\"speaker\":\"Speaker 2\",\"timestamp\":\"11/1/2017  12:46:03\"},{\"duration\":\"140\",\"notes\":\"Where are my position \",\"speaker\":\"Speaker 3\",\"timestamp\":\"11/1/2017  12:46:03\"},{\"duration\":\"144\",\"notes\":\"Hard work is number. \",\"speaker\":\"Speaker 2\",\"timestamp\":\"11/1/2017  12:46:08\"},{\"duration\":\"144\",\"notes\":\"According \",\"speaker\":\"Speaker 2\",\"timestamp\":\"11/1/2017  12:46:08\"},{\"duration\":\"145\",\"notes\":\"Recording Stopped\",\"speaker\":\"Clerk : senzit123\",\"timestamp\":\"11/1/2017  12:46:08\"}]','Evidencer/1567/Sitting 1/Session 1','2017-11-01 04:43:40','2017-11-01 04:46:10','\0','\0','','1567',1001,'{\"document_tone\":{\"tones\":[{\"score\":0.533138,\"tone_id\":\"joy\",\"tone_name\":\"Joy\"},{\"score\":0.800155,\"tone_id\":\"tentative\",\"tone_name\":\"Tentative\"},{\"score\":0.727654,\"tone_id\":\"analytical\",\"tone_name\":\"Analytical\"}]},\"sentences_tone\":[{\"sentence_id\":0,\"text\":\"Speaker 0 : Hello Speaker 1 : Our inner Speaker 0 : Our inner.\",\"tones\":[]},{\"sentence_id\":1,\"text\":\"Speaker 1 : Are going to know that are known closer slaughter of.\",\"tones\":[{\"score\":0.842108,\"tone_id\":\"analytical\",\"tone_name\":\"Analytical\"}]},{\"sentence_id\":2,\"text\":\"Speaker 2 : Simple solutions that have what some of the socio Speaker 2 : Which is a marine Speaker 0 : Or harm crime Speaker 1 : Are going to know that are known.\",\"tones\":[{\"score\":0.631525,\"tone_id\":\"tentative\",\"tone_name\":\"Tentative\"},{\"score\":0.729586,\"tone_id\":\"analytical\",\"tone_name\":\"Analytical\"}]},{\"sentence_id\":3,\"text\":\"Speaker 2 : Closer slaughter of simple solutions that have what some of the socio.\",\"tones\":[{\"score\":0.588849,\"tone_id\":\"joy\",\"tone_name\":\"Joy\"},{\"score\":0.681699,\"tone_id\":\"tentative\",\"tone_name\":\"Tentative\"},{\"score\":0.711887,\"tone_id\":\"analytical\",\"tone_name\":\"Analytical\"}]},{\"sentence_id\":4,\"text\":\"Speaker 1 : Or harm crime.\",\"tones\":[{\"score\":0.968123,\"tone_id\":\"tentative\",\"tone_name\":\"Tentative\"}]},{\"sentence_id\":5,\"text\":\"Speaker 1 : Are those.\",\"tones\":[]},{\"sentence_id\":6,\"text\":\"Speaker 2 : The same time Speaker 1 : Hello.\",\"tones\":[]},{\"sentence_id\":7,\"text\":\"Speaker 0 : Which is a marine.\",\"tones\":[]},{\"sentence_id\":8,\"text\":\"Speaker 2 : Luis Gonzalez Amish.\",\"tones\":[]},{\"sentence_id\":9,\"text\":\"Speaker 0 : Unchanging Robert Speaker 2 : Luis Gonzalez Amish unchanging Robert.\",\"tones\":[{\"score\":0.862286,\"tone_id\":\"analytical\",\"tone_name\":\"Analytical\"}]},{\"sentence_id\":10,\"text\":\"Speaker 2 : Armed struggle for those Speaker 1 : Great unbecoming in Arabic Speaker 2 : Closer slaughter of.\",\"tones\":[]},{\"sentence_id\":11,\"text\":\"Speaker 0 : Simple solutions that have what some of the socio.\",\"tones\":[{\"score\":0.669078,\"tone_id\":\"joy\",\"tone_name\":\"Joy\"},{\"score\":0.786991,\"tone_id\":\"tentative\",\"tone_name\":\"Tentative\"},{\"score\":0.788547,\"tone_id\":\"analytical\",\"tone_name\":\"Analytical\"}]},{\"sentence_id\":12,\"text\":\"Speaker 2 : Well the song real time Speaker 2 : Are going to know that are known closer slaughter of.\",\"tones\":[{\"score\":0.705784,\"tone_id\":\"analytical\",\"tone_name\":\"Analytical\"}]},{\"sentence_id\":13,\"text\":\"Speaker 1 : Arm and.\",\"tones\":[]},{\"sentence_id\":14,\"text\":\"Speaker 0 : Take the multiple speakers Speaker 2 : Take the multiple speakers.\",\"tones\":[]},{\"sentence_id\":15,\"text\":\"Speaker 2 : Armed with the heart of the corona listens Speaker 0 : Jarred tended to round little Speaker 2 : I\'m I\'m really concerned about this Speaker 0 : The voters of fish the good Speaker 2 : Jarred tended to round little.\",\"tones\":[]},{\"sentence_id\":16,\"text\":\"Speaker 2 : The voters of fish the good.\",\"tones\":[{\"score\":0.522335,\"tone_id\":\"joy\",\"tone_name\":\"Joy\"}]},{\"sentence_id\":17,\"text\":\"Speaker 1 : Arm Speaker 2 : Under NC the allowed someone loves Speaker 0 : I was also its overall sentiment Speaker 3 : Simple solutions that have what some of the socio.\",\"tones\":[{\"score\":0.561438,\"tone_id\":\"joy\",\"tone_name\":\"Joy\"},{\"score\":0.75152,\"tone_id\":\"tentative\",\"tone_name\":\"Tentative\"},{\"score\":0.740384,\"tone_id\":\"analytical\",\"tone_name\":\"Analytical\"}]},{\"sentence_id\":18,\"text\":\"Speaker 3 : Which is a marine.\",\"tones\":[]},{\"sentence_id\":19,\"text\":\"Speaker 3 : Unchanging Robert.\",\"tones\":[{\"score\":0.920855,\"tone_id\":\"analytical\",\"tone_name\":\"Analytical\"}]},{\"sentence_id\":20,\"text\":\"Speaker 3 : Take the multiple speakers.\",\"tones\":[]},{\"sentence_id\":21,\"text\":\"Speaker 3 : Jarred tended to round little.\",\"tones\":[{\"score\":0.681699,\"tone_id\":\"tentative\",\"tone_name\":\"Tentative\"}]},{\"sentence_id\":22,\"text\":\"Speaker 3 : The voters of fish the good.\",\"tones\":[{\"score\":0.522335,\"tone_id\":\"joy\",\"tone_name\":\"Joy\"}]},{\"sentence_id\":23,\"text\":\"Speaker 0 : In words Speaker 1 : I was also its overall sentiment.\",\"tones\":[{\"score\":0.620279,\"tone_id\":\"analytical\",\"tone_name\":\"Analytical\"}]},{\"sentence_id\":24,\"text\":\"Speaker 3 : In words.\",\"tones\":[]},{\"sentence_id\":25,\"text\":\"Speaker 3 : Simple solutions Speaker 2 : Covers how the system works Speaker 2 : Hello.\",\"tones\":[{\"score\":0.743682,\"tone_id\":\"analytical\",\"tone_name\":\"Analytical\"}]},{\"sentence_id\":26,\"text\":\"Speaker 2 : Our inner.\",\"tones\":[{\"score\":0.509295,\"tone_id\":\"joy\",\"tone_name\":\"Joy\"}]},{\"sentence_id\":27,\"text\":\"Speaker 3 : Closer slaughter of simple solutions that have what some of the socio.\",\"tones\":[{\"score\":0.588849,\"tone_id\":\"joy\",\"tone_name\":\"Joy\"},{\"score\":0.681699,\"tone_id\":\"tentative\",\"tone_name\":\"Tentative\"},{\"score\":0.711887,\"tone_id\":\"analytical\",\"tone_name\":\"Analytical\"}]},{\"sentence_id\":28,\"text\":\"Speaker 3 : The same time.\",\"tones\":[]},{\"sentence_id\":29,\"text\":\"Speaker 3 : Luis Gonzalez Amish unchanging Robert.\",\"tones\":[{\"score\":0.801827,\"tone_id\":\"analytical\",\"tone_name\":\"Analytical\"}]},{\"sentence_id\":30,\"text\":\"Speaker 3 : Armed struggle for those.\",\"tones\":[{\"score\":0.562023,\"tone_id\":\"sadness\",\"tone_name\":\"Sadness\"}]},{\"sentence_id\":31,\"text\":\"Speaker 3 : Well the song real time.\",\"tones\":[{\"score\":0.673882,\"tone_id\":\"joy\",\"tone_name\":\"Joy\"},{\"score\":0.751512,\"tone_id\":\"confident\",\"tone_name\":\"Confident\"}]},{\"sentence_id\":32,\"text\":\"Speaker 3 : Armed with the heart of the corona listens.\",\"tones\":[{\"score\":0.596578,\"tone_id\":\"joy\",\"tone_name\":\"Joy\"}]},{\"sentence_id\":33,\"text\":\"Speaker 3 : I\'m I\'m really concerned about this.\",\"tones\":[{\"score\":0.537125,\"tone_id\":\"fear\",\"tone_name\":\"Fear\"},{\"score\":0.615352,\"tone_id\":\"tentative\",\"tone_name\":\"Tentative\"},{\"score\":0.762356,\"tone_id\":\"analytical\",\"tone_name\":\"Analytical\"}]},{\"sentence_id\":34,\"text\":\"Speaker 3 : Under NC the allowed someone loves.\",\"tones\":[{\"score\":0.88939,\"tone_id\":\"tentative\",\"tone_name\":\"Tentative\"},{\"score\":0.762356,\"tone_id\":\"analytical\",\"tone_name\":\"Analytical\"}]},{\"sentence_id\":35,\"text\":\"Speaker 2 : I was also its overall sentiment.\",\"tones\":[{\"score\":0.615352,\"tone_id\":\"tentative\",\"tone_name\":\"Tentative\"},{\"score\":0.762356,\"tone_id\":\"analytical\",\"tone_name\":\"Analytical\"}]},{\"sentence_id\":36,\"text\":\"Speaker 3 : Covers how the system works.\",\"tones\":[]},{\"sentence_id\":37,\"text\":\"Speaker 1 : Arum burn American think continents ambiguity\",\"tones\":[{\"score\":0.88939,\"tone_id\":\"tentative\",\"tone_name\":\"Tentative\"},{\"score\":0.728394,\"tone_id\":\"analytical\",\"tone_name\":\"Analytical\"}]}]}','{\n  \"usage\": {\n    \"text_units\": 1,\n    \"text_characters\": 1275,\n    \"features\": 3\n  },\n  \"sentiment\": {\n    \"document\": {\n      \"score\": 0.267866,\n      \"label\": \"positive\"\n    }\n  },\n  \"language\": \"en\",\n  \"keywords\": [\n    {\n      \"text\": \"Speaker\",\n      \"relevance\": 0.959579\n    },\n    {\n      \"text\": \"Luis Gonzalez Amish\",\n      \"relevance\": 0.680503\n    },\n    {\n      \"text\": \"simple solutions\",\n      \"relevance\": 0.603728\n    },\n    {\n      \"text\": \"Closer slaughter\",\n      \"relevance\": 0.535571\n    },\n    {\n      \"text\": \"Amish unchanging Robert\",\n      \"relevance\": 0.499871\n    },\n    {\n      \"text\": \"Unchanging Robert Speaker\",\n      \"relevance\": 0.473277\n    },\n    {\n      \"text\": \"song real time\",\n      \"relevance\": 0.467365\n    },\n    {\n      \"text\": \"multiple speakers\",\n      \"relevance\": 0.459145\n    },\n    {\n      \"text\": \"multiple speakers Speaker\",\n      \"relevance\": 0.437703\n    },\n    {\n      \"text\": \"time Speaker\",\n      \"relevance\": 0.428358\n    },\n    {\n      \"text\": \"socio\",\n      \"relevance\": 0.421371\n    },\n    {\n      \"text\": \"socio Speaker\",\n      \"relevance\": 0.419439\n    },\n    {\n      \"text\": \"Hello Speaker\",\n      \"relevance\": 0.395661\n    },\n    {\n      \"text\": \"inner Speaker\",\n      \"relevance\": 0.391185\n    },\n    {\n      \"text\": \"marine Speaker\",\n      \"relevance\": 0.378515\n    },\n    {\n      \"text\": \"crime Speaker\",\n      \"relevance\": 0.378315\n    },\n    {\n      \"text\": \"Arabic Speaker\",\n      \"relevance\": 0.377916\n    },\n    {\n      \"text\": \"little Speaker\",\n      \"relevance\": 0.367151\n    },\n    {\n      \"text\": \"good Speaker\",\n      \"relevance\": 0.366533\n    },\n    {\n      \"text\": \"voters\",\n      \"relevance\": 0.350242\n    },\n    {\n      \"text\": \"Arm\",\n      \"relevance\": 0.344465\n    },\n    {\n      \"text\": \"fish\",\n      \"relevance\": 0.336219\n    },\n    {\n      \"text\": \"struggle\",\n      \"relevance\": 0.321523\n    },\n    {\n      \"text\": \"corona\",\n      \"relevance\": 0.321463\n    }\n  ],\n  \"entities\": [\n    {\n      \"type\": \"JobTitle\",\n      \"text\": \"marine Speaker\",\n      \"relevance\": 0.898729,\n      \"count\": 8\n    },\n    {\n      \"type\": \"Person\",\n      \"text\": \"Robert Speaker\",\n      \"relevance\": 0.571636,\n      \"count\": 6\n    },\n    {\n      \"type\": \"Person\",\n      \"text\": \"Luis Gonzalez Amish\",\n      \"relevance\": 0.110978,\n      \"count\": 1\n    },\n    {\n      \"type\": \"Person\",\n      \"text\": \"Jarred\",\n      \"relevance\": 0.0796429,\n      \"count\": 2\n    },\n    {\n      \"type\": \"Person\",\n      \"text\": \"Luis Gonzalez\",\n      \"relevance\": 0.0737871,\n      \"count\": 1\n    }\n  ]\n}','Smarter Judiciary',NULL),(2531,1,1,'2017-11-01',NULL,NULL,'2017-11-01 15:12:12',NULL,'\0','\0','','198',1001,NULL,NULL,NULL,NULL),(2541,1,1,'2017-11-01','[{\"duration\":0,\"notes\":\"Recording Started\",\"speaker\":\"Clerk : senzit123\",\"timestamp\":\"11/1/2017  11:12:12\"},{\"duration\":\"39\",\"notes\":\"So hello how are you \",\"speaker\":\"Speaker 0\",\"timestamp\":\"11/1/2017  11:12:52\"},{\"duration\":\"46\",\"notes\":\"So. \",\"speaker\":\"Speaker 1\",\"timestamp\":\"11/1/2017  11:12:59\"},{\"duration\":\"46\",\"notes\":\"We have is a real time got to know so \",\"speaker\":\"Speaker 2\",\"timestamp\":\"11/1/2017  11:12:59\"},{\"duration\":\"47\",\"notes\":\"So. \",\"speaker\":\"Speaker 0\",\"timestamp\":\"11/1/2017  11:13:00\"},{\"duration\":\"47\",\"notes\":\"Go \",\"speaker\":\"Speaker 1\",\"timestamp\":\"11/1/2017  11:13:00\"},{\"duration\":\"49\",\"notes\":\"Are you \",\"speaker\":\"Speaker 2\",\"timestamp\":\"11/1/2017  11:13:02\"},{\"duration\":\"61\",\"notes\":\"And that we have a speaker once you get to the substantive importance because one it\'s because I\'m sick because it\'s wrong maybe \",\"speaker\":\"Speaker 3\",\"timestamp\":\"11/1/2017  11:13:14\"},{\"duration\":\"67\",\"notes\":\"So hello how are you. \",\"speaker\":\"Speaker 1\",\"timestamp\":\"11/1/2017  11:13:20\"},{\"duration\":\"67\",\"notes\":\"We have is a real time got to know so. \",\"speaker\":\"Speaker 3\",\"timestamp\":\"11/1/2017  11:13:20\"},{\"duration\":\"67\",\"notes\":\"Are you. \",\"speaker\":\"Speaker 3\",\"timestamp\":\"11/1/2017  11:13:20\"},{\"duration\":\"67\",\"notes\":\"So are the same time in a real time consuming language translator \",\"speaker\":\"Speaker 0\",\"timestamp\":\"11/1/2017  11:13:20\"},{\"duration\":\"72\",\"notes\":\"Are the same time in a real time consuming language translator. \",\"speaker\":\"Speaker 3\",\"timestamp\":\"11/1/2017  11:13:25\"},{\"duration\":\"72\",\"notes\":\"Answer some English or Spanish pretensions to Arabic \",\"speaker\":\"Speaker 3\",\"timestamp\":\"11/1/2017  11:13:25\"},{\"duration\":\"76\",\"notes\":\"Are you. \",\"speaker\":\"Speaker 0\",\"timestamp\":\"11/1/2017  11:13:29\"},{\"duration\":\"76\",\"notes\":\"And that we have a speaker once you get to the substantive importance because one it\'s because. \",\"speaker\":\"Speaker 3\",\"timestamp\":\"11/1/2017  11:13:29\"},{\"duration\":\"76\",\"notes\":\"I\'m sick because it\'s wrong maybe. \",\"speaker\":\"Speaker 0\",\"timestamp\":\"11/1/2017  11:13:29\"},{\"duration\":\"76\",\"notes\":\"Are the same time in a real time consuming. \",\"speaker\":\"Speaker 3\",\"timestamp\":\"11/1/2017  11:13:29\"},{\"duration\":\"76\",\"notes\":\"Language translator. \",\"speaker\":\"Speaker 1\",\"timestamp\":\"11/1/2017  11:13:29\"},{\"duration\":\"76\",\"notes\":\"Answer some English or Spanish pretensions to. \",\"speaker\":\"Speaker 3\",\"timestamp\":\"11/1/2017  11:13:29\"},{\"duration\":\"76\",\"notes\":\"Arabic. \",\"speaker\":\"Speaker 0\",\"timestamp\":\"11/1/2017  11:13:29\"},{\"duration\":\"76\",\"notes\":\"I\'m. \",\"speaker\":\"Speaker 0\",\"timestamp\":\"11/1/2017  11:13:29\"},{\"duration\":\"76\",\"notes\":\"One of the composition which has happened in our \",\"speaker\":\"Speaker 3\",\"timestamp\":\"11/1/2017  11:13:29\"},{\"duration\":\"78\",\"notes\":\"We have is a real time got to know so. \",\"speaker\":\"Speaker 0\",\"timestamp\":\"11/1/2017  11:13:31\"},{\"duration\":\"78\",\"notes\":\"I\'m going home \",\"speaker\":\"Speaker 0\",\"timestamp\":\"11/1/2017  11:13:31\"},{\"duration\":\"85\",\"notes\":\"Are the same time in a real time. \",\"speaker\":\"Speaker 3\",\"timestamp\":\"11/1/2017  11:13:39\"},{\"duration\":\"85\",\"notes\":\"Consuming language translator. \",\"speaker\":\"Speaker 1\",\"timestamp\":\"11/1/2017  11:13:39\"},{\"duration\":\"85\",\"notes\":\"When you haven\'t. \",\"speaker\":\"Speaker 0\",\"timestamp\":\"11/1/2017  11:13:39\"},{\"duration\":\"85\",\"notes\":\"Done all these had little time join analysis \",\"speaker\":\"Speaker 3\",\"timestamp\":\"11/1/2017  11:13:39\"},{\"duration\":\"93\",\"notes\":\"The motion I denounce Alison nauseous \",\"speaker\":\"Speaker 3\",\"timestamp\":\"11/1/2017  11:13:47\"},{\"duration\":\"97\",\"notes\":\"When you haven\'t done all these had little time join analysis. \",\"speaker\":\"Speaker 3\",\"timestamp\":\"11/1/2017  11:13:51\"},{\"duration\":\"97\",\"notes\":\"You \",\"speaker\":\"Speaker 0\",\"timestamp\":\"11/1/2017  11:13:51\"},{\"duration\":\"98\",\"notes\":\"Recording Stopped\",\"speaker\":\"Clerk : senzit123\",\"timestamp\":\"11/1/2017  11:13:52\"}]','Evidencer/198/Sitting 1/Session 1','2017-11-01 15:12:13','2017-11-01 15:13:54','\0','\0','','198',1001,'{\"document_tone\":{\"tones\":[{\"score\":0.601046,\"tone_id\":\"tentative\",\"tone_name\":\"Tentative\"}]},\"sentences_tone\":[{\"sentence_id\":0,\"text\":\"Speaker 0 : So hello how are you Speaker 1 : So.\",\"tones\":[]},{\"sentence_id\":1,\"text\":\"Speaker 2 : We have is a real time got to know so Speaker 0 : So.\",\"tones\":[]},{\"sentence_id\":2,\"text\":\"Speaker 1 : Go Speaker 2 : Are you Speaker 3 : And that we have a speaker once you get to the substantive importance because one it\'s because I\'m sick because it\'s wrong maybe Speaker 1 : So hello how are you.\",\"tones\":[]},{\"sentence_id\":3,\"text\":\"Speaker 3 : We have is a real time got to know so.\",\"tones\":[{\"score\":0.543112,\"tone_id\":\"confident\",\"tone_name\":\"Confident\"}]},{\"sentence_id\":4,\"text\":\"Speaker 3 : Are you.\",\"tones\":[]},{\"sentence_id\":5,\"text\":\"Speaker 0 : So are the same time in a real time consuming language translator Speaker 3 : Are the same time in a real time consuming language translator.\",\"tones\":[]},{\"sentence_id\":6,\"text\":\"Speaker 3 : Answer some English or Spanish pretensions to Arabic Speaker 0 : Are you.\",\"tones\":[{\"score\":0.801827,\"tone_id\":\"analytical\",\"tone_name\":\"Analytical\"},{\"score\":0.91961,\"tone_id\":\"tentative\",\"tone_name\":\"Tentative\"}]},{\"sentence_id\":7,\"text\":\"Speaker 3 : And that we have a speaker once you get to the substantive importance because one it\'s because.\",\"tones\":[{\"score\":0.705784,\"tone_id\":\"analytical\",\"tone_name\":\"Analytical\"}]},{\"sentence_id\":8,\"text\":\"Speaker 0 : I\'m sick because it\'s wrong maybe.\",\"tones\":[{\"score\":0.762356,\"tone_id\":\"analytical\",\"tone_name\":\"Analytical\"},{\"score\":0.88939,\"tone_id\":\"tentative\",\"tone_name\":\"Tentative\"}]},{\"sentence_id\":9,\"text\":\"Speaker 3 : Are the same time in a real time consuming.\",\"tones\":[{\"score\":0.579436,\"tone_id\":\"confident\",\"tone_name\":\"Confident\"}]},{\"sentence_id\":10,\"text\":\"Speaker 1 : Language translator.\",\"tones\":[]},{\"sentence_id\":11,\"text\":\"Speaker 3 : Answer some English or Spanish pretensions to.\",\"tones\":[{\"score\":0.901894,\"tone_id\":\"analytical\",\"tone_name\":\"Analytical\"},{\"score\":0.976993,\"tone_id\":\"tentative\",\"tone_name\":\"Tentative\"}]},{\"sentence_id\":12,\"text\":\"Speaker 0 : Arabic.\",\"tones\":[]},{\"sentence_id\":13,\"text\":\"Speaker 0 : I\'m.\",\"tones\":[]},{\"sentence_id\":14,\"text\":\"Speaker 3 : One of the composition which has happened in our\",\"tones\":[{\"score\":0.653099,\"tone_id\":\"analytical\",\"tone_name\":\"Analytical\"}]}]}','{\n  \"usage\": {\n    \"text_units\": 1,\n    \"text_characters\": 1292,\n    \"features\": 3\n  },\n  \"sentiment\": {\n    \"document\": {\n      \"score\": 0.324782,\n      \"label\": \"positive\"\n    }\n  },\n  \"language\": \"en\",\n  \"keywords\": [\n    {\n      \"text\": \"speaker\",\n      \"relevance\": 0.938342\n    },\n    {\n      \"text\": \"real time\",\n      \"relevance\": 0.700782\n    },\n    {\n      \"text\": \"real time consuming\",\n      \"relevance\": 0.577525\n    },\n    {\n      \"text\": \"language translator\",\n      \"relevance\": 0.553087\n    },\n    {\n      \"text\": \"consuming language translator\",\n      \"relevance\": 0.516565\n    },\n    {\n      \"text\": \"time consuming language\",\n      \"relevance\": 0.486659\n    },\n    {\n      \"text\": \"substantive importance\",\n      \"relevance\": 0.461074\n    },\n    {\n      \"text\": \"Spanish pretensions\",\n      \"relevance\": 0.456268\n    },\n    {\n      \"text\": \"language translator Speaker\",\n      \"relevance\": 0.396421\n    },\n    {\n      \"text\": \"little time\",\n      \"relevance\": 0.354247\n    },\n    {\n      \"text\": \"Arabic Speaker\",\n      \"relevance\": 0.345393\n    },\n    {\n      \"text\": \"Answer\",\n      \"relevance\": 0.341513\n    },\n    {\n      \"text\": \"English\",\n      \"relevance\": 0.338506\n    },\n    {\n      \"text\": \"composition\",\n      \"relevance\": 0.31734\n    }\n  ],\n  \"entities\": []\n}','Smarter Judiciary',NULL),(2551,1,1,'2017-11-01',NULL,NULL,'2017-11-01 20:44:51',NULL,'\0','\0','','J878',1001,NULL,NULL,NULL,NULL),(2561,1,1,'2017-11-01','[{\"duration\":0,\"notes\":\"Recording Started\",\"speaker\":\"Officer : senzit123\",\"timestamp\":\"11/1/2017  4:47:29\"},{\"duration\":\"141\",\"notes\":\"Recording Stopped\",\"speaker\":\"Officer : senzit123\",\"timestamp\":\"11/1/2017  5:04:54\"}]','Evidencer/189/Sitting 1/Session 1','2017-11-01 20:47:29','2017-11-01 21:04:56','\0','\0','','189',1001,'null','null','Smarter Judiciary',NULL),(2571,1,1,'2017-11-01',NULL,NULL,'2017-11-01 20:49:31',NULL,'\0','\0','','98',1001,NULL,NULL,NULL,NULL),(2581,1,1,'2017-11-01','[{\"duration\":0,\"notes\":\"Recording Started\",\"speaker\":\"Clerk : senzit123\",\"timestamp\":\"11/1/2017  4:55:56\"},{\"duration\":\"350\",\"notes\":\"Recording Stopped\",\"speaker\":\"Clerk : senzit123\",\"timestamp\":\"11/1/2017  5:04:30\"}]','Evidencer/9000/Sitting 1/Session 1','2017-11-01 20:55:57','2017-11-01 21:04:33','\0','\0','','9000',1001,'null','null','Smarter Judiciary',NULL),(2591,1,1,'2017-11-01',NULL,NULL,'2017-11-01 21:07:10',NULL,'\0','\0','','875',1001,NULL,NULL,NULL,NULL),(2601,1,1,'2017-11-01','[{\"duration\":0,\"notes\":\"Recording Started\",\"speaker\":\"Clerk : senzit123\",\"timestamp\":\"11/1/2017  5:07:11\"},{\"duration\":\"12\",\"notes\":\"Recording Stopped\",\"speaker\":\"Clerk : senzit123\",\"timestamp\":\"11/1/2017  5:07:55\"}]','Evidencer/875/Sitting 1/Session 1','2017-11-01 21:07:15','2017-11-01 21:07:57','\0','\0','','875',1001,'null','null','Smarter Judiciary',NULL),(2611,1,1,'2017-11-01','[{\"duration\":0,\"notes\":\"Recording Started\",\"speaker\":\"Clerk : senzit123\",\"timestamp\":\"11/1/2017  5:46:33\"},{\"duration\":\"46\",\"notes\":\"Recording Stopped\",\"speaker\":\"Clerk : senzit123\",\"timestamp\":\"11/1/2017  5:47:30\"}]','Evidencer/6754/Sitting 1/Session 1','2017-11-01 21:46:33','2017-11-01 21:47:32','\0','\0','','6754',1001,'null','null','Smarter Judiciary',NULL),(2621,1,1,'2017-11-01',NULL,NULL,'2017-11-01 21:48:24',NULL,'\0','\0','','670',1001,NULL,NULL,NULL,NULL),(2631,1,1,'2017-11-01','[{\"duration\":0,\"notes\":\"Recording Started\",\"speaker\":\"Clerk : senzit123\",\"timestamp\":\"11/1/2017  5:48:24\"},{\"duration\":\"6\",\"notes\":\"Recording Stopped\",\"speaker\":\"Clerk : senzit123\",\"timestamp\":\"11/1/2017  5:48:35\"}]','Evidencer/670/Sitting 1/Session 1','2017-11-01 21:48:25','2017-11-01 21:48:37','\0','\0','','670',1001,'null','null','Smarter Judiciary',NULL),(2641,1,1,'2017-11-01','[{\"duration\":0,\"notes\":\"Recording Started\",\"speaker\":\"Officer : senzit123\",\"timestamp\":\"11/1/2017  6:31:45\"},{\"duration\":\"34\",\"notes\":\"Recording Stopped\",\"speaker\":\"Officer : senzit123\",\"timestamp\":\"11/1/2017  6:32:21\"}]','Evidencer/567/Sitting 1/Session 1','2017-11-01 22:31:46','2017-11-01 22:32:23','\0','\0','','567',1001,'null','null','Smarter Judiciary',NULL),(2651,1,1,'2017-11-01','[{\"duration\":0,\"notes\":\"Recording Started\",\"speaker\":\"Officer : senzit123\",\"timestamp\":\"11/2/2017  2:33:29\"},{\"duration\":\"230\",\"notes\":\"Recording Stopped\",\"speaker\":\"Officer : senzit123\",\"timestamp\":\"11/2/2017  2:41:59\"}]','Evidencer/365/Sitting 1/Session 1','2017-11-01 22:33:28','2017-11-01 22:42:01','\0','\0','','365',1001,'null','null','Smarter Judiciary',NULL),(2661,1,1,'2017-11-01','[{\"duration\":0,\"notes\":\"Recording Started\",\"speaker\":\"Clerk : senzit123\",\"timestamp\":\"11/2/2017  2:41:16\"},{\"duration\":\"21\",\"notes\":\"Recording Stopped\",\"speaker\":\"Clerk : senzit123\",\"timestamp\":\"11/2/2017  2:41:37\"}]','Evidencer/56788/Sitting 1/Session 1','2017-11-01 22:41:15','2017-11-01 22:41:38','\0','\0','','56788',1001,'null','null','Smarter Judiciary',NULL),(2671,1,1,'2017-11-01','[{\"duration\":0,\"notes\":\"Recording Started\",\"speaker\":\"Clerk : senzit123\",\"timestamp\":\"11/2/2017  2:48:48\"},{\"duration\":\"16\",\"notes\":\"Recording Stopped\",\"speaker\":\"Clerk : senzit123\",\"timestamp\":\"11/2/2017  2:49:05\"}]','Evidencer/895/Sitting 1/Session 1','2017-11-01 22:48:48','2017-11-01 22:49:06','\0','\0','','895',1001,'null','null','Smarter Judiciary',NULL),(2681,1,1,'2017-11-02',NULL,NULL,'2017-11-02 00:27:51',NULL,'\0','\0','','TEST1',1001,NULL,NULL,NULL,NULL),(2691,1,1,'2017-11-02','[{\"duration\":0,\"notes\":\"Recording Started\",\"speaker\":\"Clerk : senzit123\",\"timestamp\":\"11/2/2017  2:20:22\"},{\"duration\":\"49\",\"notes\":\"hi\",\"speaker\":\"Watson Officer : Watson Officer 1\",\"timestamp\":\"11/2/2017  2:21:12\"},{\"duration\":\"98\",\"notes\":\"Recording Stopped\",\"speaker\":\"Clerk : senzit123\",\"timestamp\":\"11/2/2017  2:22:01\"}]','Evidencer/789/Sitting 1/Session 1','2017-11-02 10:20:21','2017-11-02 10:22:03','\0','\0','','789',1001,'null','null','Smarter Judiciary',NULL),(2701,1,1,'2017-11-02','[{\"duration\":0,\"notes\":\"Recording Started\",\"speaker\":\"Clerk : senzit123\",\"timestamp\":\"11/2/2017  2:22:56\"},{\"duration\":\"40\",\"notes\":\"hi\",\"speaker\":\"Clerk : senzit123\",\"timestamp\":\"11/2/2017  2:23:38\"},{\"duration\":\"94\",\"notes\":\"Recording Stopped\",\"speaker\":\"Clerk : senzit123\",\"timestamp\":\"11/2/2017  2:24:32\"}]','Evidencer/789O/Sitting 1/Session 1','2017-11-02 10:22:56','2017-11-02 10:24:33','\0','\0','','789O',1001,'null','null','Smarter Judiciary',NULL),(2711,1,1,'2017-11-02',NULL,NULL,'2017-11-02 10:25:12',NULL,'\0','\0','','88888',1001,NULL,NULL,NULL,NULL),(2721,1,1,'2017-11-02','[{\"duration\":0,\"notes\":\"Recording Started\",\"speaker\":\"Clerk : senzit123\",\"timestamp\":\"11/2/2017  2:25:12\"},{\"duration\":\"21\",\"notes\":\"But \",\"speaker\":\"Speaker 0\",\"timestamp\":\"11/2/2017  2:25:34\"},{\"duration\":\"25\",\"notes\":\"hi\",\"speaker\":\"Clerk : senzit123\",\"timestamp\":\"11/2/2017  2:25:38\"},{\"duration\":\"25\",\"notes\":\"Yeah can I ask you \",\"speaker\":\"Speaker 1\",\"timestamp\":\"11/2/2017  2:25:38\"},{\"duration\":\"79\",\"notes\":\"Why is this is. \",\"speaker\":\"Speaker 1\",\"timestamp\":\"11/2/2017  2:26:33\"},{\"duration\":\"79\",\"notes\":\"Not working \",\"speaker\":\"Speaker 2\",\"timestamp\":\"11/2/2017  2:26:33\"},{\"duration\":\"107\",\"notes\":\"I can \",\"speaker\":\"Speaker 2\",\"timestamp\":\"11/2/2017  2:27:02\"},{\"duration\":\"142\",\"notes\":\"That is not what \",\"speaker\":\"Speaker 0\",\"timestamp\":\"11/2/2017  2:27:37\"},{\"duration\":\"294\",\"notes\":\"Recording Stopped\",\"speaker\":\"Clerk : senzit123\",\"timestamp\":\"11/2/2017  2:30:11\"}]','Evidencer/88888/Sitting 1/Session 1','2017-11-02 10:25:13','2017-11-02 10:30:12','\0','\0','','88888',1001,'null','null','Smarter Judiciary',NULL),(2731,1,1,'2017-11-02','[{\"duration\":0,\"notes\":\"Recording Started\",\"speaker\":\"Clerk : senzit123\",\"timestamp\":\"11/2/2017  6:28:19\"},{\"duration\":\"7\",\"notes\":\"Hello \",\"speaker\":\"Speaker 0\",\"timestamp\":\"11/2/2017  6:28:27\"},{\"duration\":\"10\",\"notes\":\"Is it working now \",\"speaker\":\"Speaker 1\",\"timestamp\":\"11/2/2017  6:28:30\"},{\"duration\":\"15\",\"notes\":\"And why it\'s taking time on \",\"speaker\":\"Speaker 2\",\"timestamp\":\"11/2/2017  6:28:35\"},{\"duration\":\"25\",\"notes\":\"Traditionally wanted one dish \",\"speaker\":\"Speaker 3\",\"timestamp\":\"11/2/2017  6:28:45\"},{\"duration\":\"29\",\"notes\":\"Is it working now. \",\"speaker\":\"Speaker 0\",\"timestamp\":\"11/2/2017  6:28:50\"},{\"duration\":\"29\",\"notes\":\"Not one time \",\"speaker\":\"Speaker 2\",\"timestamp\":\"11/2/2017  6:28:50\"},{\"duration\":\"31\",\"notes\":\"Traditionally wanted one dish. \",\"speaker\":\"Speaker 0\",\"timestamp\":\"11/2/2017  6:28:52\"},{\"duration\":\"31\",\"notes\":\"What \",\"speaker\":\"Speaker 3\",\"timestamp\":\"11/2/2017  6:28:52\"},{\"duration\":\"37\",\"notes\":\"One \",\"speaker\":\"Speaker 3\",\"timestamp\":\"11/2/2017  6:28:58\"},{\"duration\":\"70\",\"notes\":\"One is really fast \",\"speaker\":\"Speaker 2\",\"timestamp\":\"11/2/2017  6:29:30\"},{\"duration\":\"74\",\"notes\":\"Traditionally one dash \",\"speaker\":\"Speaker 2\",\"timestamp\":\"11/2/2017  6:29:35\"},{\"duration\":\"77\",\"notes\":\"Does your real time \",\"speaker\":\"Speaker 2\",\"timestamp\":\"11/2/2017  6:29:38\"},{\"duration\":\"80\",\"notes\":\"Langer transmission is going on \",\"speaker\":\"Speaker 2\",\"timestamp\":\"11/2/2017  6:29:41\"},{\"duration\":\"86\",\"notes\":\"And why it\'s taking time on. \",\"speaker\":\"Speaker 1\",\"timestamp\":\"11/2/2017  6:29:47\"},{\"duration\":\"86\",\"notes\":\"Not one time. \",\"speaker\":\"Speaker 1\",\"timestamp\":\"11/2/2017  6:29:47\"},{\"duration\":\"86\",\"notes\":\"So what I \",\"speaker\":\"Speaker 1\",\"timestamp\":\"11/2/2017  6:29:47\"},{\"duration\":\"87\",\"notes\":\"Through the snow \",\"speaker\":\"Speaker 1\",\"timestamp\":\"11/2/2017  6:29:48\"},{\"duration\":\"90\",\"notes\":\"Because so \",\"speaker\":\"Speaker 0\",\"timestamp\":\"11/2/2017  6:29:51\"},{\"duration\":\"90\",\"notes\":\"Not one. \",\"speaker\":\"Speaker 2\",\"timestamp\":\"11/2/2017  6:29:52\"},{\"duration\":\"90\",\"notes\":\"Time. \",\"speaker\":\"Speaker 1\",\"timestamp\":\"11/2/2017  6:29:52\"},{\"duration\":\"90\",\"notes\":\"What. \",\"speaker\":\"Speaker 0\",\"timestamp\":\"11/2/2017  6:29:52\"},{\"duration\":\"90\",\"notes\":\"One. \",\"speaker\":\"Speaker 1\",\"timestamp\":\"11/2/2017  6:29:52\"},{\"duration\":\"90\",\"notes\":\"Through the snow. \",\"speaker\":\"Speaker 2\",\"timestamp\":\"11/2/2017  6:29:52\"},{\"duration\":\"90\",\"notes\":\"Because so. \",\"speaker\":\"Speaker 1\",\"timestamp\":\"11/2/2017  6:29:52\"},{\"duration\":\"90\",\"notes\":\"What \",\"speaker\":\"Speaker 1\",\"timestamp\":\"11/2/2017  6:29:52\"},{\"duration\":\"92\",\"notes\":\"Recording Stopped\",\"speaker\":\"Clerk : senzit123\",\"timestamp\":\"11/2/2017  6:29:53\"}]','Evidencer/7862/Sitting 1/Session 1','2017-11-02 10:28:19','2017-11-02 10:29:55','\0','\0','','7862',1001,'null','null','Smarter Judiciary',NULL),(2741,1,1,'2017-11-02',NULL,NULL,'2017-11-02 10:39:32',NULL,'\0','\0','','143',1001,NULL,NULL,NULL,NULL),(2751,1,1,'2017-11-02',NULL,NULL,'2017-11-02 10:39:33',NULL,'\0','\0','','143',1001,NULL,NULL,NULL,NULL),(2761,1,1,'2017-11-02',NULL,NULL,'2017-11-02 10:39:33',NULL,'\0','\0','','143',1001,NULL,NULL,NULL,NULL),(2771,1,1,'2017-11-02',NULL,NULL,'2017-11-02 10:39:33',NULL,'\0','\0','','143',1001,NULL,NULL,NULL,NULL),(2781,1,1,'2017-11-02','[{\"duration\":0,\"notes\":\"Recording Started\",\"speaker\":\"Clerk : senzit123\",\"timestamp\":\"11/2/2017  2:39:32\"},{\"duration\":\"70\",\"notes\":\"Recording Stopped\",\"speaker\":\"Clerk : senzit123\",\"timestamp\":\"11/2/2017  2:40:44\"}]','Evidencer/143/Sitting 1/Session 1','2017-11-02 10:39:33','2017-11-02 10:40:46','\0','\0','','143',1001,'null','null','Smarter Judiciary',NULL),(2791,1,1,'2017-11-02','[{\"duration\":0,\"notes\":\"Recording Started\",\"speaker\":\"Clerk : senzit123\",\"timestamp\":\"11/2/2017  6:45:10\"},{\"duration\":\"9\",\"notes\":\"Hello \",\"speaker\":\"Speaker 0\",\"timestamp\":\"11/2/2017  6:45:20\"},{\"duration\":\"15\",\"notes\":\"Yes. \",\"speaker\":\"Speaker 1\",\"timestamp\":\"11/2/2017  6:45:26\"},{\"duration\":\"15\",\"notes\":\"It\'s doesn\'t. \",\"speaker\":\"Speaker 2\",\"timestamp\":\"11/2/2017  6:45:26\"},{\"duration\":\"15\",\"notes\":\"Look into \",\"speaker\":\"Speaker 3\",\"timestamp\":\"11/2/2017  6:45:26\"},{\"duration\":\"16\",\"notes\":\"Yes \",\"speaker\":\"Speaker 3\",\"timestamp\":\"11/2/2017  6:45:27\"},{\"duration\":\"18\",\"notes\":\"Recording Stopped\",\"speaker\":\"Clerk : senzit123\",\"timestamp\":\"11/2/2017  6:45:29\"}]','Evidencer/787/Sitting 1/Session 1','2017-11-02 10:45:10','2017-11-02 10:45:30','\0','\0','','787',1001,'null','null','Smarter Judiciary',NULL),(2801,1,1,'2017-11-02','[{\"duration\":0,\"notes\":\"Recording Started\",\"speaker\":\"Clerk : senzit123\",\"timestamp\":\"11/2/2017  7:25:46\"},{\"duration\":\"29\",\"notes\":\"Starting that according \",\"speaker\":\"Speaker 0\",\"timestamp\":\"11/2/2017  7:26:18\"},{\"duration\":\"33\",\"notes\":\"Show. \",\"speaker\":\"Speaker 1\",\"timestamp\":\"11/2/2017  7:26:21\"},{\"duration\":\"33\",\"notes\":\"Starting but according \",\"speaker\":\"Speaker 2\",\"timestamp\":\"11/2/2017  7:26:21\"},{\"duration\":\"35\",\"notes\":\"You can see the live \",\"speaker\":\"Speaker 3\",\"timestamp\":\"11/2/2017  7:26:24\"},{\"duration\":\"36\",\"notes\":\"Discussion \",\"speaker\":\"Speaker 3\",\"timestamp\":\"11/2/2017  7:26:25\"},{\"duration\":\"37\",\"notes\":\"Starting but according. \",\"speaker\":\"Speaker 0\",\"timestamp\":\"11/2/2017  7:26:26\"},{\"duration\":\"37\",\"notes\":\"What is going on \",\"speaker\":\"Speaker 3\",\"timestamp\":\"11/2/2017  7:26:26\"},{\"duration\":\"45\",\"notes\":\"Show starting but according. \",\"speaker\":\"Speaker 1\",\"timestamp\":\"11/2/2017  7:26:34\"},{\"duration\":\"45\",\"notes\":\"And you can see the same time then real time that my new transition going on a kitchen shot of it \",\"speaker\":\"Speaker 3\",\"timestamp\":\"11/2/2017  7:26:34\"},{\"duration\":\"55\",\"notes\":\"Discussion. \",\"speaker\":\"Speaker 2\",\"timestamp\":\"11/2/2017  7:26:43\"},{\"duration\":\"55\",\"notes\":\"What is going on. \",\"speaker\":\"Speaker 2\",\"timestamp\":\"11/2/2017  7:26:43\"},{\"duration\":\"55\",\"notes\":\"I can change or any other language \",\"speaker\":\"Speaker 3\",\"timestamp\":\"11/2/2017  7:26:43\"},{\"duration\":\"57\",\"notes\":\"Discussion. \",\"speaker\":\"Speaker 0\",\"timestamp\":\"11/2/2017  7:26:46\"},{\"duration\":\"57\",\"notes\":\"What is going on. \",\"speaker\":\"Speaker 0\",\"timestamp\":\"11/2/2017  7:26:46\"},{\"duration\":\"57\",\"notes\":\"So we have a lot to know what\'s going on \",\"speaker\":\"Speaker 1\",\"timestamp\":\"11/2/2017  7:26:46\"},{\"duration\":\"63\",\"notes\":\"Show starting but according. \",\"speaker\":\"Speaker 0\",\"timestamp\":\"11/2/2017  7:26:52\"},{\"duration\":\"63\",\"notes\":\"So we have a lot to know. \",\"speaker\":\"Speaker 0\",\"timestamp\":\"11/2/2017  7:26:52\"},{\"duration\":\"63\",\"notes\":\"What\'s going on. \",\"speaker\":\"Speaker 3\",\"timestamp\":\"11/2/2017  7:26:52\"},{\"duration\":\"63\",\"notes\":\"And I can change to Korean if you want \",\"speaker\":\"Speaker 3\",\"timestamp\":\"11/2/2017  7:26:52\"},{\"duration\":\"72\",\"notes\":\"Starting that according. \",\"speaker\":\"Speaker 3\",\"timestamp\":\"11/2/2017  7:27:01\"},{\"duration\":\"72\",\"notes\":\"Show. \",\"speaker\":\"Speaker 0\",\"timestamp\":\"11/2/2017  7:27:01\"},{\"duration\":\"72\",\"notes\":\"Starting but according. \",\"speaker\":\"Speaker 3\",\"timestamp\":\"11/2/2017  7:27:01\"},{\"duration\":\"72\",\"notes\":\"So we have a lot to know what\'s going on. \",\"speaker\":\"Speaker 0\",\"timestamp\":\"11/2/2017  7:27:01\"},{\"duration\":\"72\",\"notes\":\"And. \",\"speaker\":\"Speaker 3\",\"timestamp\":\"11/2/2017  7:27:01\"},{\"duration\":\"72\",\"notes\":\"I\'m gonna do it tone analyzer yeah \",\"speaker\":\"Speaker 0\",\"timestamp\":\"11/2/2017  7:27:01\"},{\"duration\":\"76\",\"notes\":\"So we have a lot to know. \",\"speaker\":\"Speaker 1\",\"timestamp\":\"11/2/2017  7:27:05\"},{\"duration\":\"76\",\"notes\":\"She sensed again \",\"speaker\":\"Speaker 1\",\"timestamp\":\"11/2/2017  7:27:05\"},{\"duration\":\"78\",\"notes\":\"These are the data strummed on our lives for \",\"speaker\":\"Speaker 3\",\"timestamp\":\"11/2/2017  7:27:08\"},{\"duration\":\"80\",\"notes\":\"And I\'m gonna do it tone analyzer yeah. \",\"speaker\":\"Speaker 0\",\"timestamp\":\"11/2/2017  7:27:09\"},{\"duration\":\"80\",\"notes\":\"She sensed again. \",\"speaker\":\"Speaker 3\",\"timestamp\":\"11/2/2017  7:27:09\"},{\"duration\":\"80\",\"notes\":\"It\'s a real time \",\"speaker\":\"Speaker 0\",\"timestamp\":\"11/2/2017  7:27:09\"},{\"duration\":\"85\",\"notes\":\"Show starting but according. \",\"speaker\":\"Speaker 3\",\"timestamp\":\"11/2/2017  7:27:14\"},{\"duration\":\"85\",\"notes\":\"So we have a lot to know what\'s going on. \",\"speaker\":\"Speaker 3\",\"timestamp\":\"11/2/2017  7:27:14\"},{\"duration\":\"85\",\"notes\":\"Overall sentiment is pathogen \",\"speaker\":\"Speaker 3\",\"timestamp\":\"11/2/2017  7:27:14\"},{\"duration\":\"91\",\"notes\":\"And I\'m gonna stop this gets no \",\"speaker\":\"Speaker 3\",\"timestamp\":\"11/2/2017  7:27:20\"},{\"duration\":\"92\",\"notes\":\"And I\'m gonna do it. \",\"speaker\":\"Speaker 0\",\"timestamp\":\"11/2/2017  7:27:21\"},{\"duration\":\"92\",\"notes\":\"Tone analyzer yeah. \",\"speaker\":\"Speaker 1\",\"timestamp\":\"11/2/2017  7:27:21\"},{\"duration\":\"92\",\"notes\":\"So \",\"speaker\":\"Speaker 1\",\"timestamp\":\"11/2/2017  7:27:21\"},{\"duration\":\"93\",\"notes\":\"Recording Stopped\",\"speaker\":\"Clerk : senzit123\",\"timestamp\":\"11/2/2017  7:27:22\"}]','Evidencer/876/Sitting 1/Session 1','2017-11-02 11:25:46','2017-11-02 11:27:23','\0','\0','','876',1001,'{\"document_tone\":{\"tones\":[{\"score\":0.596122,\"tone_id\":\"analytical\",\"tone_name\":\"Analytical\"},{\"score\":0.607065,\"tone_id\":\"tentative\",\"tone_name\":\"Tentative\"}]},\"sentences_tone\":[{\"sentence_id\":0,\"text\":\"Speaker 0 : Starting that according Speaker 1 : Show.\",\"tones\":[{\"score\":0.762356,\"tone_id\":\"analytical\",\"tone_name\":\"Analytical\"}]},{\"sentence_id\":1,\"text\":\"Speaker 2 : Starting but according Speaker 3 : You can see the live Speaker 3 : Discussion Speaker 0 : Starting but according.\",\"tones\":[{\"score\":0.687768,\"tone_id\":\"analytical\",\"tone_name\":\"Analytical\"}]},{\"sentence_id\":2,\"text\":\"Speaker 3 : What is going on Speaker 1 : Show starting but according.\",\"tones\":[{\"score\":0.620279,\"tone_id\":\"analytical\",\"tone_name\":\"Analytical\"}]},{\"sentence_id\":3,\"text\":\"Speaker 3 : And you can see the same time then real time that my new transition going on a kitchen shot of it Speaker 2 : Discussion.\",\"tones\":[]},{\"sentence_id\":4,\"text\":\"Speaker 2 : What is going on.\",\"tones\":[]},{\"sentence_id\":5,\"text\":\"Speaker 3 : I can change or any other language Speaker 0 : Discussion.\",\"tones\":[{\"score\":0.946222,\"tone_id\":\"tentative\",\"tone_name\":\"Tentative\"}]},{\"sentence_id\":6,\"text\":\"Speaker 0 : What is going on.\",\"tones\":[]},{\"sentence_id\":7,\"text\":\"Speaker 1 : So we have a lot to know what\'s going on Speaker 0 : Show starting but according.\",\"tones\":[]},{\"sentence_id\":8,\"text\":\"Speaker 0 : So we have a lot to know.\",\"tones\":[{\"score\":0.5538,\"tone_id\":\"tentative\",\"tone_name\":\"Tentative\"}]},{\"sentence_id\":9,\"text\":\"Speaker 3 : What\'s going on.\",\"tones\":[]},{\"sentence_id\":10,\"text\":\"Speaker 3 : And I can change to Korean if you want\",\"tones\":[{\"score\":0.653099,\"tone_id\":\"analytical\",\"tone_name\":\"Analytical\"}]}]}','{\n  \"usage\": {\n    \"text_units\": 1,\n    \"text_characters\": 1172,\n    \"features\": 3\n  },\n  \"sentiment\": {\n    \"document\": {\n      \"score\": 0.347149,\n      \"label\": \"positive\"\n    }\n  },\n  \"language\": \"en\",\n  \"keywords\": [\n    {\n      \"text\": \"Speaker\",\n      \"relevance\": 0.949824\n    },\n    {\n      \"text\": \"real time\",\n      \"relevance\": 0.417837\n    },\n    {\n      \"text\": \"analyzer yeah\",\n      \"relevance\": 0.410675\n    },\n    {\n      \"text\": \"analyzer yeah Speaker\",\n      \"relevance\": 0.376229\n    },\n    {\n      \"text\": \"new transition\",\n      \"relevance\": 0.367841\n    },\n    {\n      \"text\": \"kitchen shot\",\n      \"relevance\": 0.367841\n    },\n    {\n      \"text\": \"Discussion\",\n      \"relevance\": 0.36375\n    },\n    {\n      \"text\": \"live Speaker\",\n      \"relevance\": 0.342469\n    },\n    {\n      \"text\": \"language Speaker\",\n      \"relevance\": 0.338289\n    },\n    {\n      \"text\": \"Discussion Speaker\",\n      \"relevance\": 0.332994\n    },\n    {\n      \"text\": \"data\",\n      \"relevance\": 0.315336\n    }\n  ],\n  \"entities\": []\n}','Smarter Judiciary',NULL),(2811,1,1,'2017-11-02','[{\"duration\":0,\"notes\":\"Recording Started\",\"speaker\":\"Clerk : senzit123\",\"timestamp\":\"11/2/2017  7:58:07\"},{\"duration\":\"31\",\"notes\":\"So I got shot at \",\"speaker\":\"Speaker 0\",\"timestamp\":\"11/2/2017  7:58:40\"},{\"duration\":\"39\",\"notes\":\"So. \",\"speaker\":\"Speaker 0\",\"timestamp\":\"11/2/2017  7:58:48\"},{\"duration\":\"39\",\"notes\":\"In a real time. \",\"speaker\":\"Speaker 1\",\"timestamp\":\"11/2/2017  7:58:48\"},{\"duration\":\"39\",\"notes\":\"Little tikes happening \",\"speaker\":\"Speaker 1\",\"timestamp\":\"11/2/2017  7:58:48\"},{\"duration\":\"43\",\"notes\":\"I didn\'t see the transmission \",\"speaker\":\"Speaker 1\",\"timestamp\":\"11/2/2017  7:58:52\"},{\"duration\":\"45\",\"notes\":\"Spanish you \",\"speaker\":\"Speaker 1\",\"timestamp\":\"11/2/2017  7:58:53\"},{\"duration\":\"46\",\"notes\":\"I didn\'t see the transmission. \",\"speaker\":\"Speaker 3\",\"timestamp\":\"11/2/2017  7:58:55\"},{\"duration\":\"46\",\"notes\":\"Spanish you. \",\"speaker\":\"Speaker 3\",\"timestamp\":\"11/2/2017  7:58:55\"},{\"duration\":\"46\",\"notes\":\"It is just out of it \",\"speaker\":\"Speaker 3\",\"timestamp\":\"11/2/2017  7:58:55\"},{\"duration\":\"56\",\"notes\":\"In a real time. \",\"speaker\":\"Speaker 3\",\"timestamp\":\"11/2/2017  7:59:05\"},{\"duration\":\"56\",\"notes\":\"Little tikes happening. \",\"speaker\":\"Speaker 3\",\"timestamp\":\"11/2/2017  7:59:05\"},{\"duration\":\"56\",\"notes\":\"So \",\"speaker\":\"Speaker 2\",\"timestamp\":\"11/2/2017  7:59:05\"},{\"duration\":\"62\",\"notes\":\"But often have happen now not a big \",\"speaker\":\"Speaker 3\",\"timestamp\":\"11/2/2017  7:59:10\"},{\"duration\":\"64\",\"notes\":\"You can do it on a lot of sort of \",\"speaker\":\"Speaker 3\",\"timestamp\":\"11/2/2017  7:59:13\"},{\"duration\":\"72\",\"notes\":\"You can do it on a lot of sort of. \",\"speaker\":\"Speaker 0\",\"timestamp\":\"11/2/2017  7:59:21\"},{\"duration\":\"72\",\"notes\":\"Emotions and begin Ghana syndrome nozzles \",\"speaker\":\"Speaker 3\",\"timestamp\":\"11/2/2017  7:59:21\"},{\"duration\":\"77\",\"notes\":\"So that\'s a kick \",\"speaker\":\"Speaker 3\",\"timestamp\":\"11/2/2017  7:59:26\"},{\"duration\":\"79\",\"notes\":\"Recording Stopped\",\"speaker\":\"Clerk : senzit123\",\"timestamp\":\"11/2/2017  7:59:28\"}]','Evidencer/8765/Sitting 1/Session 1','2017-11-02 11:58:07','2017-11-02 11:59:30','\0','\0','','8765',1001,'{\"document_tone\":{\"tones\":[]},\"sentences_tone\":[{\"sentence_id\":0,\"text\":\"Speaker 0 : So I got shot at Speaker 0 : So.\",\"tones\":[]},{\"sentence_id\":1,\"text\":\"Speaker 1 : In a real time.\",\"tones\":[{\"score\":0.80026,\"tone_id\":\"confident\",\"tone_name\":\"Confident\"}]},{\"sentence_id\":2,\"text\":\"Speaker 1 : Little tikes happening Speaker 1 : I didn\'t see the transmission Speaker 1 : Spanish you Speaker 3 : I didn\'t see the transmission.\",\"tones\":[]},{\"sentence_id\":3,\"text\":\"Speaker 3 : Spanish you.\",\"tones\":[]},{\"sentence_id\":4,\"text\":\"Speaker 3 : It is just out of it Speaker 3 : In a real time.\",\"tones\":[]},{\"sentence_id\":5,\"text\":\"Speaker 3 : Little tikes happening.\",\"tones\":[]},{\"sentence_id\":6,\"text\":\"Speaker 2 : So\",\"tones\":[]}]}','{\n  \"usage\": {\n    \"text_units\": 1,\n    \"text_characters\": 448,\n    \"features\": 3\n  },\n  \"sentiment\": {\n    \"document\": {\n      \"score\": -0.214434,\n      \"label\": \"negative\"\n    }\n  },\n  \"language\": \"en\",\n  \"keywords\": [\n    {\n      \"text\": \"Speaker\",\n      \"relevance\": 0.991941\n    },\n    {\n      \"text\": \"Little tikes\",\n      \"relevance\": 0.685858\n    },\n    {\n      \"text\": \"real time\",\n      \"relevance\": 0.656159\n    },\n    {\n      \"text\": \"transmission\",\n      \"relevance\": 0.417678\n    },\n    {\n      \"text\": \"transmission Speaker\",\n      \"relevance\": 0.397815\n    },\n    {\n      \"text\": \"big Speaker\",\n      \"relevance\": 0.396364\n    },\n    {\n      \"text\": \"sort\",\n      \"relevance\": 0.357524\n    }\n  ],\n  \"entities\": [\n    {\n      \"type\": \"JobTitle\",\n      \"text\": \"transmission Speaker\",\n      \"relevance\": 0.98939,\n      \"count\": 1\n    },\n    {\n      \"type\": \"Company\",\n      \"text\": \"Little tikes\",\n      \"relevance\": 0.516774,\n      \"disambiguation\": {\n        \"subtype\": [],\n        \"name\": \"Little Tikes\",\n        \"dbpedia_resource\": \"http://dbpedia.org/resource/Little_Tikes\"\n      },\n      \"count\": 2\n    }\n  ]\n}','Smarter Judiciary',NULL),(2821,1,1,'2017-11-02','[{\"duration\":0,\"notes\":\"Recording Started\",\"speaker\":\"Clerk : senzit123\",\"timestamp\":\"11/2/2017  8:18:20\"},{\"duration\":\"69\",\"notes\":\"Recording Stopped\",\"speaker\":\"Clerk : senzit123\",\"timestamp\":\"11/2/2017  8:19:32\"}]','Evidencer/1000/Sitting 1/Session 1','2017-11-02 12:18:20','2017-11-02 12:19:33','\0','\0','','1000',1001,'null','null','Smarter Judiciary',NULL),(2831,1,1,'2017-11-02','[{\"duration\":0,\"notes\":\"Recording Started\",\"speaker\":\"Clerk : senzit123\",\"timestamp\":\"11/2/2017  8:20:20\"},{\"duration\":\"9\",\"notes\":\"According started not \",\"speaker\":\"Speaker 0\",\"timestamp\":\"11/2/2017  8:20:30\"},{\"duration\":\"13\",\"notes\":\"Okay. \",\"speaker\":\"Speaker 1\",\"timestamp\":\"11/2/2017  8:20:34\"},{\"duration\":\"13\",\"notes\":\"Don\'t separate \",\"speaker\":\"Speaker 2\",\"timestamp\":\"11/2/2017  8:20:34\"},{\"duration\":\"17\",\"notes\":\"Recording Stopped\",\"speaker\":\"Clerk : senzit123\",\"timestamp\":\"11/2/2017  8:20:38\"}]','Evidencer/543/Sitting 1/Session 1','2017-11-02 12:20:20','2017-11-02 12:20:38','\0','\0','','543',1001,'null','null','Smarter Judiciary',NULL),(2841,1,1,'2017-11-02','[{\"duration\":0,\"notes\":\"Recording Started\",\"speaker\":\"Clerk : senzit123\",\"timestamp\":\"11/2/2017  9:40:11\"},{\"duration\":\"26\",\"notes\":\"But according to started \",\"speaker\":\"Speaker 0\",\"timestamp\":\"11/2/2017  9:40:37\"},{\"duration\":\"29\",\"notes\":\"If you go \",\"speaker\":\"Speaker 1\",\"timestamp\":\"11/2/2017  9:40:40\"},{\"duration\":\"33\",\"notes\":\"That\'s because going on. \",\"speaker\":\"Speaker 2\",\"timestamp\":\"11/2/2017  9:40:44\"},{\"duration\":\"33\",\"notes\":\"And sametime \",\"speaker\":\"Speaker 3\",\"timestamp\":\"11/2/2017  9:40:44\"},{\"duration\":\"34\",\"notes\":\"That\'s because going on. \",\"speaker\":\"Speaker 1\",\"timestamp\":\"11/2/2017  9:40:45\"},{\"duration\":\"34\",\"notes\":\"You can see \",\"speaker\":\"Speaker 2\",\"timestamp\":\"11/2/2017  9:40:45\"},{\"duration\":\"37\",\"notes\":\"But I had a vision happening \",\"speaker\":\"Speaker 3\",\"timestamp\":\"11/2/2017  9:40:49\"},{\"duration\":\"38\",\"notes\":\"That\'s because going on and sametime. \",\"speaker\":\"Speaker 1\",\"timestamp\":\"11/2/2017  9:40:50\"},{\"duration\":\"38\",\"notes\":\"You can see. \",\"speaker\":\"Speaker 3\",\"timestamp\":\"11/2/2017  9:40:50\"},{\"duration\":\"38\",\"notes\":\"Not a bit \",\"speaker\":\"Speaker 0\",\"timestamp\":\"11/2/2017  9:40:50\"},{\"duration\":\"41\",\"notes\":\"But according to started. \",\"speaker\":\"Speaker 1\",\"timestamp\":\"11/2/2017  9:40:53\"},{\"duration\":\"41\",\"notes\":\"And you got a bit \",\"speaker\":\"Speaker 0\",\"timestamp\":\"11/2/2017  9:40:53\"},{\"duration\":\"55\",\"notes\":\"You can see. \",\"speaker\":\"Speaker 0\",\"timestamp\":\"11/2/2017  9:41:07\"},{\"duration\":\"55\",\"notes\":\"Not a bit. \",\"speaker\":\"Speaker 3\",\"timestamp\":\"11/2/2017  9:41:07\"},{\"duration\":\"55\",\"notes\":\"I can I like that \",\"speaker\":\"Speaker 3\",\"timestamp\":\"11/2/2017  9:41:07\"},{\"duration\":\"66\",\"notes\":\"But according to started. \",\"speaker\":\"Speaker 3\",\"timestamp\":\"11/2/2017  9:41:18\"},{\"duration\":\"66\",\"notes\":\"You can see. \",\"speaker\":\"Speaker 1\",\"timestamp\":\"11/2/2017  9:41:18\"},{\"duration\":\"66\",\"notes\":\"But I had a vision happening. \",\"speaker\":\"Speaker 1\",\"timestamp\":\"11/2/2017  9:41:18\"},{\"duration\":\"66\",\"notes\":\"And you got a bit. \",\"speaker\":\"Speaker 3\",\"timestamp\":\"11/2/2017  9:41:18\"},{\"duration\":\"66\",\"notes\":\"I like the thing to them \",\"speaker\":\"Speaker 1\",\"timestamp\":\"11/2/2017  9:41:18\"},{\"duration\":\"72\",\"notes\":\"I like the thing to them. \",\"speaker\":\"Speaker 0\",\"timestamp\":\"11/2/2017  9:41:25\"},{\"duration\":\"72\",\"notes\":\"Close the case \",\"speaker\":\"Speaker 1\",\"timestamp\":\"11/2/2017  9:41:25\"},{\"duration\":\"73\",\"notes\":\"Recording Stopped\",\"speaker\":\"Clerk : senzit123\",\"timestamp\":\"11/2/2017  9:41:26\"}]','Evidencer/786/Sitting 1/Session 1','2017-11-02 13:40:11','2017-11-02 13:41:28','\0','\0','','786',1001,'{\"document_tone\":{\"tones\":[{\"score\":0.934211,\"tone_id\":\"analytical\",\"tone_name\":\"Analytical\"}]},\"sentences_tone\":[{\"sentence_id\":0,\"text\":\"Speaker 0 : But according to started Speaker 1 : If you go Speaker 2 : That\'s because going on.\",\"tones\":[{\"score\":0.948998,\"tone_id\":\"analytical\",\"tone_name\":\"Analytical\"}]},{\"sentence_id\":1,\"text\":\"Speaker 3 : And sametime Speaker 1 : That\'s because going on.\",\"tones\":[{\"score\":0.687768,\"tone_id\":\"analytical\",\"tone_name\":\"Analytical\"}]},{\"sentence_id\":2,\"text\":\"Speaker 2 : You can see Speaker 3 : But I had a vision happening Speaker 1 : That\'s because going on and sametime.\",\"tones\":[]},{\"sentence_id\":3,\"text\":\"Speaker 3 : You can see.\",\"tones\":[]},{\"sentence_id\":4,\"text\":\"Speaker 0 : Not a bit Speaker 1 : But according to started.\",\"tones\":[{\"score\":0.944551,\"tone_id\":\"analytical\",\"tone_name\":\"Analytical\"}]},{\"sentence_id\":5,\"text\":\"Speaker 0 : And you got a bit\",\"tones\":[]}]}','{\n  \"usage\": {\n    \"text_units\": 1,\n    \"text_characters\": 466,\n    \"features\": 3\n  },\n  \"sentiment\": {\n    \"document\": {\n      \"score\": 0.479535,\n      \"label\": \"positive\"\n    }\n  },\n  \"language\": \"en\",\n  \"keywords\": [\n    {\n      \"text\": \"Speaker\",\n      \"relevance\": 0.967579\n    },\n    {\n      \"text\": \"bit Speaker\",\n      \"relevance\": 0.422116\n    },\n    {\n      \"text\": \"sametime Speaker\",\n      \"relevance\": 0.379125\n    },\n    {\n      \"text\": \"vision\",\n      \"relevance\": 0.347513\n    }\n  ],\n  \"entities\": []\n}','Smarter Judiciary',NULL),(2851,11,1,'2017-11-13',NULL,NULL,'2017-11-13 07:59:05',NULL,'\0','\0','','SE001',1001,NULL,NULL,NULL,NULL),(2861,1,1,'2017-11-18',NULL,NULL,'2017-11-18 17:08:46',NULL,'\0','\0','','34465',1001,NULL,NULL,NULL,NULL),(2871,12,1,'2017-12-08',NULL,NULL,'2017-12-08 18:45:53',NULL,'\0','\0','','SE001',1001,NULL,NULL,NULL,NULL),(2881,13,1,'2017-12-08','[{\"duration\":0,\"notes\":\"Recording Started\",\"speaker\":\"Clerk : senzit123\",\"timestamp\":\"12/9/2017  12:37:18\"},{\"duration\":\"28\",\"notes\":\"You get \",\"speaker\":\"Speaker 0\",\"timestamp\":\"12/9/2017  12:37:52\"},{\"duration\":\"32\",\"notes\":\"But it \",\"speaker\":\"Speaker 1\",\"timestamp\":\"12/9/2017  12:37:55\"},{\"duration\":\"36\",\"notes\":\"What\'s gonna what\'s good \",\"speaker\":\"Speaker 2\",\"timestamp\":\"12/9/2017  12:38:00\"},{\"duration\":\"49\",\"notes\":\"But it. \",\"speaker\":\"Speaker 0\",\"timestamp\":\"12/9/2017  12:38:13\"},{\"duration\":\"49\",\"notes\":\"But this is what I. \",\"speaker\":\"Speaker 2\",\"timestamp\":\"12/9/2017  12:38:13\"},{\"duration\":\"49\",\"notes\":\"Would like to see. \",\"speaker\":\"Speaker 1\",\"timestamp\":\"12/9/2017  12:38:13\"},{\"duration\":\"49\",\"notes\":\"You. \",\"speaker\":\"Speaker 0\",\"timestamp\":\"12/9/2017  12:38:13\"},{\"duration\":\"49\",\"notes\":\"Copy \",\"speaker\":\"Speaker 2\",\"timestamp\":\"12/9/2017  12:38:13\"},{\"duration\":\"50\",\"notes\":\"But this is what I would like to. \",\"speaker\":\"Speaker 2\",\"timestamp\":\"12/9/2017  12:38:14\"},{\"duration\":\"50\",\"notes\":\"See you. \",\"speaker\":\"Speaker 0\",\"timestamp\":\"12/9/2017  12:38:14\"},{\"duration\":\"50\",\"notes\":\"So what \",\"speaker\":\"Speaker 1\",\"timestamp\":\"12/9/2017  12:38:14\"},{\"duration\":\"52\",\"notes\":\"But this is what I would like to see. \",\"speaker\":\"Speaker 2\",\"timestamp\":\"12/9/2017  12:38:16\"},{\"duration\":\"52\",\"notes\":\"But what about it. \",\"speaker\":\"Speaker 1\",\"timestamp\":\"12/9/2017  12:38:16\"},{\"duration\":\"52\",\"notes\":\"Textile \",\"speaker\":\"Speaker 2\",\"timestamp\":\"12/9/2017  12:38:16\"},{\"duration\":\"59\",\"notes\":\"What\'s gonna. \",\"speaker\":\"Speaker 1\",\"timestamp\":\"12/9/2017  12:38:23\"},{\"duration\":\"59\",\"notes\":\"What\'s good. \",\"speaker\":\"Speaker 2\",\"timestamp\":\"12/9/2017  12:38:23\"},{\"duration\":\"59\",\"notes\":\"But this is what. \",\"speaker\":\"Speaker 1\",\"timestamp\":\"12/9/2017  12:38:23\"},{\"duration\":\"59\",\"notes\":\"I would like to. \",\"speaker\":\"Speaker 2\",\"timestamp\":\"12/9/2017  12:38:23\"},{\"duration\":\"59\",\"notes\":\"But I think I\'m going to ask you if yes because. \",\"speaker\":\"Speaker 2\",\"timestamp\":\"12/9/2017  12:38:23\"},{\"duration\":\"59\",\"notes\":\"Perspective \",\"speaker\":\"Speaker 2\",\"timestamp\":\"12/9/2017  12:38:23\"},{\"duration\":\"64\",\"notes\":\"What\'s gonna what\'s good. \",\"speaker\":\"Speaker 1\",\"timestamp\":\"12/9/2017  12:38:29\"},{\"duration\":\"64\",\"notes\":\"Back to god. \",\"speaker\":\"Speaker 2\",\"timestamp\":\"12/9/2017  12:38:29\"},{\"duration\":\"64\",\"notes\":\"It ended. \",\"speaker\":\"Speaker 0\",\"timestamp\":\"12/9/2017  12:38:29\"},{\"duration\":\"64\",\"notes\":\"Up \",\"speaker\":\"Speaker 2\",\"timestamp\":\"12/9/2017  12:38:29\"},{\"duration\":\"67\",\"notes\":\"I. \",\"speaker\":\"Speaker 2\",\"timestamp\":\"12/9/2017  12:38:33\"},{\"duration\":\"67\",\"notes\":\"Would like to see you. \",\"speaker\":\"Speaker 0\",\"timestamp\":\"12/9/2017  12:38:33\"},{\"duration\":\"67\",\"notes\":\"Back to. \",\"speaker\":\"Speaker 2\",\"timestamp\":\"12/9/2017  12:38:33\"},{\"duration\":\"67\",\"notes\":\"God it ended up. \",\"speaker\":\"Speaker 0\",\"timestamp\":\"12/9/2017  12:38:33\"},{\"duration\":\"67\",\"notes\":\"That\'s not bad talk you better \",\"speaker\":\"Speaker 0\",\"timestamp\":\"12/9/2017  12:38:33\"},{\"duration\":\"67\",\"notes\":\"That\'s not bad talk. \",\"speaker\":\"Speaker 2\",\"timestamp\":\"12/9/2017  12:38:33\"},{\"duration\":\"67\",\"notes\":\"You better. \",\"speaker\":\"Speaker 0\",\"timestamp\":\"12/9/2017  12:38:33\"},{\"duration\":\"67\",\"notes\":\"So \",\"speaker\":\"Speaker 2\",\"timestamp\":\"12/9/2017  12:38:33\"},{\"duration\":\"69\",\"notes\":\"N\'t but \",\"speaker\":\"Speaker 0\",\"timestamp\":\"12/9/2017  12:38:36\"},{\"duration\":\"71\",\"notes\":\"Okay \",\"speaker\":\"Speaker 0\",\"timestamp\":\"12/9/2017  12:38:38\"},{\"duration\":\"71\",\"notes\":\"Okay \",\"speaker\":\"Speaker 2\",\"timestamp\":\"12/9/2017  12:38:38\"},{\"duration\":\"73\",\"notes\":\"What about that \",\"speaker\":\"Speaker 0\",\"timestamp\":\"12/9/2017  12:38:40\"},{\"duration\":\"80\",\"notes\":\"But this is what. \",\"speaker\":\"Speaker 0\",\"timestamp\":\"12/9/2017  12:38:49\"},{\"duration\":\"80\",\"notes\":\"So what. \",\"speaker\":\"Speaker 2\",\"timestamp\":\"12/9/2017  12:38:49\"},{\"duration\":\"80\",\"notes\":\"But what about it textile. \",\"speaker\":\"Speaker 2\",\"timestamp\":\"12/9/2017  12:38:49\"},{\"duration\":\"80\",\"notes\":\"So. \",\"speaker\":\"Speaker 0\",\"timestamp\":\"12/9/2017  12:38:49\"},{\"duration\":\"80\",\"notes\":\"What struck Scott Gottlieb. \",\"speaker\":\"Speaker 2\",\"timestamp\":\"12/9/2017  12:38:49\"},{\"duration\":\"80\",\"notes\":\"Cricket \",\"speaker\":\"Speaker 0\",\"timestamp\":\"12/9/2017  12:38:49\"},{\"duration\":\"100\",\"notes\":\"I can \",\"speaker\":\"Speaker 0\",\"timestamp\":\"12/9/2017  12:39:14\"},{\"duration\":\"124\",\"notes\":\"But this is what. \",\"speaker\":\"Speaker 2\",\"timestamp\":\"12/9/2017  12:39:44\"},{\"duration\":\"124\",\"notes\":\"I. \",\"speaker\":\"Speaker 0\",\"timestamp\":\"12/9/2017  12:39:44\"},{\"duration\":\"124\",\"notes\":\"You copy. \",\"speaker\":\"Speaker 0\",\"timestamp\":\"12/9/2017  12:39:44\"},{\"duration\":\"124\",\"notes\":\"But what about it. \",\"speaker\":\"Speaker 2\",\"timestamp\":\"12/9/2017  12:39:44\"},{\"duration\":\"124\",\"notes\":\"Textile. \",\"speaker\":\"Speaker 0\",\"timestamp\":\"12/9/2017  12:39:44\"},{\"duration\":\"124\",\"notes\":\"But I think I\'m going to ask you if yes because. \",\"speaker\":\"Speaker 0\",\"timestamp\":\"12/9/2017  12:39:44\"},{\"duration\":\"124\",\"notes\":\"You. \",\"speaker\":\"Speaker 1\",\"timestamp\":\"12/9/2017  12:39:44\"},{\"duration\":\"124\",\"notes\":\"Perspective. \",\"speaker\":\"Speaker 0\",\"timestamp\":\"12/9/2017  12:39:45\"},{\"duration\":\"124\",\"notes\":\"Back to god it ended up. \",\"speaker\":\"Speaker 0\",\"timestamp\":\"12/9/2017  12:39:45\"},{\"duration\":\"124\",\"notes\":\"What. \",\"speaker\":\"Speaker 2\",\"timestamp\":\"12/9/2017  12:39:45\"},{\"duration\":\"124\",\"notes\":\"Struck Scott Gottlieb cricket. \",\"speaker\":\"Speaker 0\",\"timestamp\":\"12/9/2017  12:39:45\"},{\"duration\":\"124\",\"notes\":\"I can. \",\"speaker\":\"Speaker 1\",\"timestamp\":\"12/9/2017  12:39:45\"},{\"duration\":\"124\",\"notes\":\"You know \",\"speaker\":\"Speaker 1\",\"timestamp\":\"12/9/2017  12:39:45\"},{\"duration\":\"201\",\"notes\":\"But \",\"speaker\":\"Speaker 2\",\"timestamp\":\"12/9/2017  12:41:14\"},{\"duration\":\"214\",\"notes\":\"Recording Stopped\",\"speaker\":\"Clerk : senzit123\",\"timestamp\":\"12/9/2017  12:41:29\"}]','Evidencer/SE001/Sitting 13/Session 1','2017-12-08 19:07:17','2017-12-08 19:11:33','\0','\0','','SE001',1001,'{ \"code\" : 401 , \"error\" : \"Not Authorized\" , \"description\" : \"2017-12-08T13:08:25-06:00, Error ERCDPLTFRM-DNLKUPERR occurred when accessing https://gateway.watsonplatform.net/tone-analyzer/api/v3/tone?version=2017-09-21','{\n  \"error_code\" : 400,\n  \"error_message\" : \"The parameter \'text\' should not be empty\"\n}','Smarter Judiciary',NULL),(2891,1,1,'2017-12-08',NULL,NULL,'2017-12-08 19:24:36',NULL,'\0','\0','','342',1001,NULL,NULL,NULL,NULL),(2901,14,1,'2017-12-09',NULL,NULL,'2017-12-09 04:50:18',NULL,'\0','\0','','SE001',1001,NULL,NULL,NULL,NULL),(2911,1,1,'2017-12-09',NULL,NULL,'2017-12-09 05:06:55',NULL,'\0','\0','','YJFGJ',1001,NULL,NULL,NULL,NULL),(2921,15,1,'2017-12-09',NULL,NULL,'2017-12-09 05:18:35',NULL,'\0','\0','','SE001',1001,NULL,NULL,NULL,NULL),(2931,16,1,'2017-12-09',NULL,NULL,'2017-12-09 06:06:52',NULL,'\0','\0','','SE001',1001,NULL,NULL,NULL,NULL),(2941,17,1,'2017-12-09',NULL,NULL,'2017-12-09 06:08:01',NULL,'\0','\0','','SE001',1001,NULL,NULL,NULL,NULL),(2951,1,1,'2017-12-10','[{\"duration\":0,\"notes\":\"Recording Started\",\"speaker\":\"Clerk : senzit123\",\"timestamp\":\"12/10/2017  8:47:43\"},{\"duration\":\"24\",\"notes\":\"All \",\"speaker\":\"Speaker 1\",\"timestamp\":\"12/10/2017  8:48:09\"},{\"duration\":\"33\",\"notes\":\"This \",\"speaker\":\"Speaker 0\",\"timestamp\":\"12/10/2017  8:48:19\"},{\"duration\":\"37\",\"notes\":\"I. \",\"speaker\":\"Speaker 0\",\"timestamp\":\"12/10/2017  8:48:23\"},{\"duration\":\"37\",\"notes\":\"Am a loan NMEA \",\"speaker\":\"Speaker 2\",\"timestamp\":\"12/10/2017  8:48:23\"},{\"duration\":\"39\",\"notes\":\"Am a loan. \",\"speaker\":\"Speaker 2\",\"timestamp\":\"12/10/2017  8:48:25\"},{\"duration\":\"39\",\"notes\":\"NMEA. \",\"speaker\":\"Speaker 0\",\"timestamp\":\"12/10/2017  8:48:25\"},{\"duration\":\"39\",\"notes\":\"Hello \",\"speaker\":\"Speaker 0\",\"timestamp\":\"12/10/2017  8:48:25\"},{\"duration\":\"47\",\"notes\":\"I am a loan NMEA. \",\"speaker\":\"Speaker 0\",\"timestamp\":\"12/10/2017  8:48:33\"},{\"duration\":\"55\",\"notes\":\"I. \",\"speaker\":\"Speaker 2\",\"timestamp\":\"12/10/2017  8:48:41\"},{\"duration\":\"55\",\"notes\":\"Am a loan NMEA. \",\"speaker\":\"Speaker 0\",\"timestamp\":\"12/10/2017  8:48:41\"},{\"duration\":\"55\",\"notes\":\"What. \",\"speaker\":\"Speaker 2\",\"timestamp\":\"12/10/2017  8:48:41\"},{\"duration\":\"55\",\"notes\":\"We\'re trying to do \",\"speaker\":\"Speaker 0\",\"timestamp\":\"12/10/2017  8:48:41\"},{\"duration\":\"59\",\"notes\":\"So. \",\"speaker\":\"Speaker 2\",\"timestamp\":\"12/10/2017  8:48:46\"},{\"duration\":\"59\",\"notes\":\"Let me know what is happening \",\"speaker\":\"Speaker 0\",\"timestamp\":\"12/10/2017  8:48:46\"},{\"duration\":\"65\",\"notes\":\"What we\'re trying to do. \",\"speaker\":\"Speaker 0\",\"timestamp\":\"12/10/2017  8:48:51\"},{\"duration\":\"65\",\"notes\":\"So let me know what is happening \",\"speaker\":\"Speaker 0\",\"timestamp\":\"12/10/2017  8:48:51\"},{\"duration\":\"88\",\"notes\":\"In \",\"speaker\":\"Speaker 1\",\"timestamp\":\"12/10/2017  8:49:15\"},{\"duration\":\"123\",\"notes\":\"Am a loan. \",\"speaker\":\"Speaker 1\",\"timestamp\":\"12/10/2017  8:49:51\"},{\"duration\":\"123\",\"notes\":\"He \",\"speaker\":\"Speaker 1\",\"timestamp\":\"12/10/2017  8:49:51\"},{\"duration\":\"131\",\"notes\":\"In. \",\"speaker\":\"Speaker 0\",\"timestamp\":\"12/10/2017  8:49:59\"},{\"duration\":\"131\",\"notes\":\"He \",\"speaker\":\"Speaker 0\",\"timestamp\":\"12/10/2017  8:49:59\"},{\"duration\":\"133\",\"notes\":\"Recording Stopped\",\"speaker\":\"Clerk : senzit123\",\"timestamp\":\"12/10/2017  8:50:01\"}]','Evidencer/2564/Sitting 1/Session 1','2017-12-10 03:17:40','2017-12-10 03:20:04','\0','\0','','2564',1001,'{\"document_tone\":{\"tones\":[]},\"sentences_tone\":[{\"sentence_id\":0,\"text\":\"Speaker 1 : All Speaker 0 : This Speaker 0 : I. Speaker 2 : Am a loan NMEA Speaker 2 : Am a loan.\",\"tones\":[{\"score\":0.618451,\"tone_id\":\"confident\",\"tone_name\":\"Confident\"}]},{\"sentence_id\":1,\"text\":\"Speaker 0 : NMEA.\",\"tones\":[]},{\"sentence_id\":2,\"text\":\"Speaker 0 : Hello Speaker 0 : I am a loan NMEA.\",\"tones\":[]},{\"sentence_id\":3,\"text\":\"Speaker 2 : I. Speaker 0 : Am a loan NMEA.\",\"tones\":[]},{\"sentence_id\":4,\"text\":\"Speaker 2 : What.\",\"tones\":[]},{\"sentence_id\":5,\"text\":\"Speaker 0 : We\'re trying to do Speaker 2 : So.\",\"tones\":[{\"score\":0.5538,\"tone_id\":\"tentative\",\"tone_name\":\"Tentative\"}]},{\"sentence_id\":6,\"text\":\"Speaker 0 : Let me know what is happening Speaker 0 : What we\'re trying to do.\",\"tones\":[]},{\"sentence_id\":7,\"text\":\"Speaker 0 : So let me know what is happening\",\"tones\":[]}]}','{\n  \"usage\": {\n    \"text_units\": 1,\n    \"text_characters\": 396,\n    \"features\": 3\n  },\n  \"sentiment\": {\n    \"document\": {\n      \"score\": -0.217558,\n      \"label\": \"negative\"\n    }\n  },\n  \"language\": \"en\",\n  \"keywords\": [\n    {\n      \"text\": \"Speaker\",\n      \"relevance\": 0.951858\n    },\n    {\n      \"text\": \"loan NMEA\",\n      \"relevance\": 0.803864\n    },\n    {\n      \"text\": \"loan NMEA Speaker\",\n      \"relevance\": 0.607316\n    },\n    {\n      \"text\": \"I. Speaker\",\n      \"relevance\": 0.477138\n    },\n    {\n      \"text\": \"Hello Speaker\",\n      \"relevance\": 0.393507\n    }\n  ],\n  \"entities\": []\n}','Smarter Judiciary',NULL),(2961,1,1,'2017-12-10','[{\"duration\":0,\"notes\":\"Recording Started\",\"speaker\":\"Clerk : senzit123\",\"timestamp\":\"12/10/2017  10:24:20\"},{\"duration\":\"19\",\"notes\":\"So that according to started between. \",\"speaker\":\"Speaker 0\",\"timestamp\":\"12/10/2017  10:24:45\"},{\"duration\":\"19\",\"notes\":\"All the parties right \",\"speaker\":\"Speaker 1\",\"timestamp\":\"12/10/2017  10:24:45\"},{\"duration\":\"28\",\"notes\":\"See. \",\"speaker\":\"Speaker 2\",\"timestamp\":\"12/10/2017  10:24:55\"},{\"duration\":\"28\",\"notes\":\"It\'s ultimately coming in. \",\"speaker\":\"Speaker 0\",\"timestamp\":\"12/10/2017  10:24:55\"},{\"duration\":\"28\",\"notes\":\"Started **** on the part is right some see this it\'s coming right \",\"speaker\":\"Speaker 1\",\"timestamp\":\"12/10/2017  10:24:55\"},{\"duration\":\"30\",\"notes\":\"All the parties right. \",\"speaker\":\"Speaker 2\",\"timestamp\":\"12/10/2017  10:24:57\"},{\"duration\":\"30\",\"notes\":\"Okay so. \",\"speaker\":\"Speaker 1\",\"timestamp\":\"12/10/2017  10:24:57\"},{\"duration\":\"30\",\"notes\":\"No real time \",\"speaker\":\"Speaker 3\",\"timestamp\":\"12/10/2017  10:24:57\"},{\"duration\":\"31\",\"notes\":\"So that according to started between. \",\"speaker\":\"Speaker 1\",\"timestamp\":\"12/10/2017  10:24:59\"},{\"duration\":\"31\",\"notes\":\"It\'s ultimately coming in started **** on the part is right some see this it\'s coming right. \",\"speaker\":\"Speaker 1\",\"timestamp\":\"12/10/2017  10:24:59\"},{\"duration\":\"31\",\"notes\":\"But it is there \",\"speaker\":\"Speaker 3\",\"timestamp\":\"12/10/2017  10:24:59\"},{\"duration\":\"32\",\"notes\":\"So that according to started between all the parties right. \",\"speaker\":\"Speaker 1\",\"timestamp\":\"12/10/2017  10:24:59\"},{\"duration\":\"32\",\"notes\":\"See. \",\"speaker\":\"Speaker 3\",\"timestamp\":\"12/10/2017  10:24:59\"},{\"duration\":\"32\",\"notes\":\"So you can see \",\"speaker\":\"Speaker 3\",\"timestamp\":\"12/10/2017  10:24:59\"},{\"duration\":\"35\",\"notes\":\"No real time. \",\"speaker\":\"Speaker 0\",\"timestamp\":\"12/10/2017  10:25:03\"},{\"duration\":\"35\",\"notes\":\"But it is there. \",\"speaker\":\"Speaker 0\",\"timestamp\":\"12/10/2017  10:25:03\"},{\"duration\":\"35\",\"notes\":\"I like to touch mission. \",\"speaker\":\"Speaker 1\",\"timestamp\":\"12/10/2017  10:25:03\"},{\"duration\":\"35\",\"notes\":\"Should ever happening \",\"speaker\":\"Speaker 0\",\"timestamp\":\"12/10/2017  10:25:03\"},{\"duration\":\"38\",\"notes\":\"All the parties right. \",\"speaker\":\"Speaker 3\",\"timestamp\":\"12/10/2017  10:25:07\"},{\"duration\":\"38\",\"notes\":\"Okay so no real time. \",\"speaker\":\"Speaker 1\",\"timestamp\":\"12/10/2017  10:25:07\"},{\"duration\":\"38\",\"notes\":\"But it is there. \",\"speaker\":\"Speaker 1\",\"timestamp\":\"12/10/2017  10:25:07\"},{\"duration\":\"38\",\"notes\":\"I like to touch mission should ever happening. \",\"speaker\":\"Speaker 1\",\"timestamp\":\"12/10/2017  10:25:07\"},{\"duration\":\"38\",\"notes\":\"Yes a lot of it from here on what issue not a bit \",\"speaker\":\"Speaker 1\",\"timestamp\":\"12/10/2017  10:25:07\"},{\"duration\":\"53\",\"notes\":\"So that according to started between all the parties right. \",\"speaker\":\"Speaker 3\",\"timestamp\":\"12/10/2017  10:25:23\"},{\"duration\":\"53\",\"notes\":\"See it\'s ultimately coming in started **** on the part is right some see this it\'s coming right. \",\"speaker\":\"Speaker 3\",\"timestamp\":\"12/10/2017  10:25:23\"},{\"duration\":\"53\",\"notes\":\"Okay so. \",\"speaker\":\"Speaker 3\",\"timestamp\":\"12/10/2017  10:25:23\"},{\"duration\":\"53\",\"notes\":\"No real time. \",\"speaker\":\"Speaker 1\",\"timestamp\":\"12/10/2017  10:25:23\"},{\"duration\":\"53\",\"notes\":\"Yes a lot of it. \",\"speaker\":\"Speaker 1\",\"timestamp\":\"12/10/2017  10:25:23\"},{\"duration\":\"53\",\"notes\":\"From here on what issue not a bit. \",\"speaker\":\"Speaker 3\",\"timestamp\":\"12/10/2017  10:25:23\"},{\"duration\":\"53\",\"notes\":\"So that\'s not the the whole passages happen in America this US army to which of the other companies that are. \",\"speaker\":\"Speaker 3\",\"timestamp\":\"12/10/2017  10:25:23\"},{\"duration\":\"53\",\"notes\":\"You know you couldn\'t separate so you can make money. \",\"speaker\":\"Speaker 1\",\"timestamp\":\"12/10/2017  10:25:23\"},{\"duration\":\"53\",\"notes\":\"I\'m always \",\"speaker\":\"Speaker 3\",\"timestamp\":\"12/10/2017  10:25:23\"},{\"duration\":\"64\",\"notes\":\"It\'s ultimately coming in started **** on the part is right some see this. \",\"speaker\":\"Speaker 1\",\"timestamp\":\"12/10/2017  10:25:35\"},{\"duration\":\"64\",\"notes\":\"It\'s coming right. \",\"speaker\":\"Speaker 3\",\"timestamp\":\"12/10/2017  10:25:35\"},{\"duration\":\"64\",\"notes\":\"Yes a lot of it. \",\"speaker\":\"Speaker 3\",\"timestamp\":\"12/10/2017  10:25:35\"},{\"duration\":\"64\",\"notes\":\"From here on what issue not a bit. \",\"speaker\":\"Speaker 1\",\"timestamp\":\"12/10/2017  10:25:35\"},{\"duration\":\"64\",\"notes\":\"So that\'s not the the whole passages happen in America. \",\"speaker\":\"Speaker 1\",\"timestamp\":\"12/10/2017  10:25:35\"},{\"duration\":\"64\",\"notes\":\"This US army to which of the other companies that are. \",\"speaker\":\"Speaker 3\",\"timestamp\":\"12/10/2017  10:25:35\"},{\"duration\":\"64\",\"notes\":\"You know you couldn\'t separate so you can make money I\'m always. \",\"speaker\":\"Speaker 1\",\"timestamp\":\"12/10/2017  10:25:35\"},{\"duration\":\"64\",\"notes\":\"And pop it with us so what is doing a lie that don\'t I didn\'t use the linguistic and lets you get that depict emotions social attendance in the language \",\"speaker\":\"Speaker 1\",\"timestamp\":\"12/10/2017  10:25:35\"},{\"duration\":\"68\",\"notes\":\"See it\'s ultimately coming in started **** on the part is right some see this it\'s coming right. \",\"speaker\":\"Speaker 1\",\"timestamp\":\"12/10/2017  10:25:38\"},{\"duration\":\"68\",\"notes\":\"So you can see. \",\"speaker\":\"Speaker 1\",\"timestamp\":\"12/10/2017  10:25:38\"},{\"duration\":\"68\",\"notes\":\"So that\'s not the the whole passages happen in America this US army to which of the other companies that are you know you couldn\'t separate so you can make money I\'m always. \",\"speaker\":\"Speaker 1\",\"timestamp\":\"12/10/2017  10:25:38\"},{\"duration\":\"68\",\"notes\":\"Okay I need you can analyze my tone analysis \",\"speaker\":\"Speaker 1\",\"timestamp\":\"12/10/2017  10:25:38\"},{\"duration\":\"70\",\"notes\":\"How would this guy sitting \",\"speaker\":\"Speaker 1\",\"timestamp\":\"12/10/2017  10:25:41\"},{\"duration\":\"73\",\"notes\":\"She\'s likely to present his emotion I want to go now \",\"speaker\":\"Speaker 1\",\"timestamp\":\"12/10/2017  10:25:45\"},{\"duration\":\"76\",\"notes\":\"And what is my sentiments going off okay \",\"speaker\":\"Speaker 1\",\"timestamp\":\"12/10/2017  10:25:48\"},{\"duration\":\"81\",\"notes\":\"So we can analyze the sentiment okay so it\'s possible font docking bay positive yeah right \",\"speaker\":\"Speaker 1\",\"timestamp\":\"12/10/2017  10:25:56\"},{\"duration\":\"87\",\"notes\":\"So these are all important what we\'re using tradition of so on so forth because all of this would happen \",\"speaker\":\"Speaker 1\",\"timestamp\":\"12/10/2017  10:26:03\"},{\"duration\":\"89\",\"notes\":\"You know but I don\'t have time and one \",\"speaker\":\"Speaker 1\",\"timestamp\":\"12/10/2017  10:26:05\"},{\"duration\":\"89\",\"notes\":\"So \",\"speaker\":\"Speaker 1\",\"timestamp\":\"12/10/2017  10:26:06\"},{\"duration\":\"90\",\"notes\":\"Yeah \",\"speaker\":\"Speaker 1\",\"timestamp\":\"12/10/2017  10:26:06\"},{\"duration\":\"101\",\"notes\":\"It was it should that sort of exotic you including store it gives you a constant thing yeah at the end of the day sentiment deficiency \",\"speaker\":\"Speaker 1\",\"timestamp\":\"12/10/2017  10:26:20\"},{\"duration\":\"105\",\"notes\":\"But that\'s why I said you artificially diligence but nobody plays about \",\"speaker\":\"Speaker 1\",\"timestamp\":\"12/10/2017  10:26:24\"},{\"duration\":\"113\",\"notes\":\"Artificial intelligence will keep your options and possibilities that that was accurate before the person who did better informed decisions \",\"speaker\":\"Speaker 1\",\"timestamp\":\"12/10/2017  10:26:34\"},{\"duration\":\"124\",\"notes\":\"Give me a big jacket yeah but it\'s also depends upon it really it really \",\"speaker\":\"Speaker 1\",\"timestamp\":\"12/10/2017  10:26:46\"},{\"duration\":\"129\",\"notes\":\"What I call every lie how one open boat right \",\"speaker\":\"Speaker 1\",\"timestamp\":\"12/10/2017  10:26:52\"},{\"duration\":\"135\",\"notes\":\"So so I set out to do and it is not politically as a human being \",\"speaker\":\"Speaker 1\",\"timestamp\":\"12/10/2017  10:26:58\"},{\"duration\":\"145\",\"notes\":\"I couldn\'t believe it is like a like it\'s very simple when you\'re such Oneota are now if you want to have fun to document what you do \",\"speaker\":\"Speaker 1\",\"timestamp\":\"12/10/2017  10:27:09\"},{\"duration\":\"146\",\"notes\":\"Your book though \",\"speaker\":\"Speaker 1\",\"timestamp\":\"12/10/2017  10:27:11\"},{\"duration\":\"151\",\"notes\":\"You you go to such and you put it I think you are too complex \",\"speaker\":\"Speaker 1\",\"timestamp\":\"12/10/2017  10:27:17\"},{\"duration\":\"157\",\"notes\":\"And this will help in that and I didn\'t get this sort of what I \",\"speaker\":\"Speaker 1\",\"timestamp\":\"12/10/2017  10:27:23\"},{\"duration\":\"169\",\"notes\":\"That\'s the difference between art including dividends and that\'s what that\'s the future it will be keep on increasing under you don\'t doctors believe repeatability we talked a little \",\"speaker\":\"Speaker 1\",\"timestamp\":\"12/10/2017  10:27:36\"},{\"duration\":\"184\",\"notes\":\"Yeah but I don\'t believe we are different people know it this week you\'ve got different people you know that artificial intelligence unda ideas not stunned did not be so I could give me any grief technology right \",\"speaker\":\"Speaker 1\",\"timestamp\":\"12/10/2017  10:27:54\"},{\"duration\":\"189\",\"notes\":\"Recording Stopped\",\"speaker\":\"Clerk : senzit123\",\"timestamp\":\"12/10/2017  10:28:02\"}]','Evidencer/54321/Sitting 1/Session 1','2017-12-10 04:54:21','2017-12-10 04:58:05','\0','\0','','54321',1001,'{\"document_tone\":{\"tones\":[{\"score\":0.869742,\"tone_id\":\"analytical\",\"tone_name\":\"Analytical\"}]},\"sentences_tone\":[{\"sentence_id\":0,\"text\":\"Speaker 0 : So that according to started between.\",\"tones\":[{\"score\":0.997482,\"tone_id\":\"analytical\",\"tone_name\":\"Analytical\"}]},{\"sentence_id\":1,\"text\":\"Speaker 1 : All the parties right Speaker 2 : See.\",\"tones\":[{\"score\":0.874372,\"tone_id\":\"confident\",\"tone_name\":\"Confident\"}]},{\"sentence_id\":2,\"text\":\"Speaker 0 : It\'s ultimately coming in.\",\"tones\":[{\"score\":0.620279,\"tone_id\":\"analytical\",\"tone_name\":\"Analytical\"}]},{\"sentence_id\":3,\"text\":\"Speaker 1 : Started **** on the part is right some see this it\'s coming right Speaker 2 : All the parties right.\",\"tones\":[]},{\"sentence_id\":4,\"text\":\"Speaker 1 : Okay so.\",\"tones\":[]},{\"sentence_id\":5,\"text\":\"Speaker 3 : No real time Speaker 1 : So that according to started between.\",\"tones\":[{\"score\":0.985928,\"tone_id\":\"analytical\",\"tone_name\":\"Analytical\"}]},{\"sentence_id\":6,\"text\":\"Speaker 1 : It\'s ultimately coming in started **** on the part is right some see this it\'s coming right.\",\"tones\":[{\"score\":0.5538,\"tone_id\":\"tentative\",\"tone_name\":\"Tentative\"}]},{\"sentence_id\":7,\"text\":\"Speaker 3 : But it is there Speaker 1 : So that according to started between all the parties right.\",\"tones\":[{\"score\":0.965509,\"tone_id\":\"analytical\",\"tone_name\":\"Analytical\"},{\"score\":0.704642,\"tone_id\":\"confident\",\"tone_name\":\"Confident\"}]},{\"sentence_id\":8,\"text\":\"Speaker 3 : See.\",\"tones\":[]},{\"sentence_id\":9,\"text\":\"Speaker 3 : So you can see Speaker 0 : No real time.\",\"tones\":[]},{\"sentence_id\":10,\"text\":\"Speaker 0 : But it is there.\",\"tones\":[]},{\"sentence_id\":11,\"text\":\"Speaker 1 : I like to touch mission.\",\"tones\":[{\"score\":0.681699,\"tone_id\":\"tentative\",\"tone_name\":\"Tentative\"}]},{\"sentence_id\":12,\"text\":\"Speaker 0 : Should ever happening Speaker 3 : All the parties right.\",\"tones\":[{\"score\":0.913755,\"tone_id\":\"confident\",\"tone_name\":\"Confident\"}]},{\"sentence_id\":13,\"text\":\"Speaker 1 : Okay so no real time.\",\"tones\":[]},{\"sentence_id\":14,\"text\":\"Speaker 1 : But it is there.\",\"tones\":[]},{\"sentence_id\":15,\"text\":\"Speaker 1 : I like to touch mission should ever happening.\",\"tones\":[]},{\"sentence_id\":16,\"text\":\"Speaker 1 : Yes a lot of it from here on what issue not a bit Speaker 3 : So that according to started between all the parties right.\",\"tones\":[{\"score\":0.546131,\"tone_id\":\"joy\",\"tone_name\":\"Joy\"},{\"score\":0.936345,\"tone_id\":\"analytical\",\"tone_name\":\"Analytical\"}]},{\"sentence_id\":17,\"text\":\"Speaker 3 : See it\'s ultimately coming in started **** on the part is right some see this it\'s coming right.\",\"tones\":[{\"score\":0.525007,\"tone_id\":\"tentative\",\"tone_name\":\"Tentative\"}]},{\"sentence_id\":18,\"text\":\"Speaker 3 : Okay so.\",\"tones\":[]},{\"sentence_id\":19,\"text\":\"Speaker 1 : No real time.\",\"tones\":[{\"score\":0.650466,\"tone_id\":\"tentative\",\"tone_name\":\"Tentative\"}]},{\"sentence_id\":20,\"text\":\"Speaker 1 : Yes a lot of it.\",\"tones\":[{\"score\":0.681699,\"tone_id\":\"tentative\",\"tone_name\":\"Tentative\"}]},{\"sentence_id\":21,\"text\":\"Speaker 3 : From here on what issue not a bit.\",\"tones\":[{\"score\":0.687768,\"tone_id\":\"analytical\",\"tone_name\":\"Analytical\"}]},{\"sentence_id\":22,\"text\":\"Speaker 3 : So that\'s not the the whole passages happen in America this US army to which of the other companies that are.\",\"tones\":[{\"score\":0.811077,\"tone_id\":\"analytical\",\"tone_name\":\"Analytical\"}]},{\"sentence_id\":23,\"text\":\"Speaker 1 : You know you couldn\'t separate so you can make money.\",\"tones\":[]},{\"sentence_id\":24,\"text\":\"Speaker 3 : I\'m always\",\"tones\":[{\"score\":0.97759,\"tone_id\":\"confident\",\"tone_name\":\"Confident\"}]}]}','{\n  \"usage\": {\n    \"text_units\": 1,\n    \"text_characters\": 2029,\n    \"features\": 3\n  },\n  \"sentiment\": {\n    \"document\": {\n      \"score\": 0.369634,\n      \"label\": \"positive\"\n    }\n  },\n  \"language\": \"en\",\n  \"keywords\": [\n    {\n      \"text\": \"Speaker\",\n      \"relevance\": 0.967361\n    },\n    {\n      \"text\": \"real time\",\n      \"relevance\": 0.495702\n    },\n    {\n      \"text\": \"parties\",\n      \"relevance\": 0.395246\n    },\n    {\n      \"text\": \"****\",\n      \"relevance\": 0.369123\n    },\n    {\n      \"text\": \"real time Speaker\",\n      \"relevance\": 0.350709\n    },\n    {\n      \"text\": \"issue\",\n      \"relevance\": 0.343804\n    },\n    {\n      \"text\": \"depict emotions\",\n      \"relevance\": 0.342539\n    },\n    {\n      \"text\": \"social attendance\",\n      \"relevance\": 0.341755\n    },\n    {\n      \"text\": \"mission\",\n      \"relevance\": 0.329224\n    },\n    {\n      \"text\": \"passages\",\n      \"relevance\": 0.327653\n    },\n    {\n      \"text\": \"money\",\n      \"relevance\": 0.327249\n    },\n    {\n      \"text\": \"America\",\n      \"relevance\": 0.326602\n    },\n    {\n      \"text\": \"army\",\n      \"relevance\": 0.326521\n    },\n    {\n      \"text\": \"companies\",\n      \"relevance\": 0.326481\n    },\n    {\n      \"text\": \"bit Speaker\",\n      \"relevance\": 0.324821\n    },\n    {\n      \"text\": \"lie\",\n      \"relevance\": 0.312028\n    }\n  ],\n  \"entities\": [\n    {\n      \"type\": \"Location\",\n      \"text\": \"America\",\n      \"relevance\": 0.524872,\n      \"disambiguation\": {\n        \"subtype\": [\n          \"Continent\"\n        ]\n      },\n      \"count\": 3\n    },\n    {\n      \"type\": \"Location\",\n      \"text\": \"US\",\n      \"relevance\": 0.355019,\n      \"disambiguation\": {\n        \"subtype\": [\n          \"Region\",\n          \"AdministrativeDivision\",\n          \"GovernmentalJurisdiction\",\n          \"FilmEditor\",\n          \"Country\"\n        ],\n        \"name\": \"United States\",\n        \"dbpedia_resource\": \"http://dbpedia.org/resource/United_States\"\n      },\n      \"count\": 1\n    }\n  ]\n}','Smarter Judiciary',NULL),(2971,1,1,'2017-12-10',NULL,NULL,'2017-12-10 07:18:39',NULL,'\0','\0','','2018',1001,NULL,NULL,NULL,NULL);
/*!40000 ALTER TABLE `caseeventdetail` ENABLE KEYS */;
UNLOCK TABLES;

--
-- Table structure for table `caseinfo`
--

DROP TABLE IF EXISTS `caseinfo`;
/*!40101 SET @saved_cs_client     = @@character_set_client */;
/*!40101 SET character_set_client = utf8 */;
CREATE TABLE `caseinfo` (
  `CASENO` varchar(255) NOT NULL,
  `CASETITLE` varchar(255) DEFAULT NULL,
  `CASEDESCRIPTION` longtext,
  `CASETYPEID` int(11) DEFAULT NULL,
  `CASESTATUSID` int(11) DEFAULT NULL,
  PRIMARY KEY (`CASENO`),
  KEY `FK2FF4B7DE7AD90E94` (`CASETYPEID`),
  KEY `FK2FF4B7DE9DADF4C4` (`CASESTATUSID`),
  CONSTRAINT `FK2FF4B7DE7AD90E94` FOREIGN KEY (`CASETYPEID`) REFERENCES `casetype` (`CASETYPEID`),
  CONSTRAINT `FK2FF4B7DE9DADF4C4` FOREIGN KEY (`CASESTATUSID`) REFERENCES `casestatus` (`CASESTATUSID`)
) ENGINE=InnoDB DEFAULT CHARSET=utf8;
/*!40101 SET character_set_client = @saved_cs_client */;

--
-- Dumping data for table `caseinfo`
--

LOCK TABLES `caseinfo` WRITE;
/*!40000 ALTER TABLE `caseinfo` DISABLE KEYS */;
INSERT INTO `caseinfo` VALUES ('1000','Damon Murder Case','Darlie Lynn Peck Routier (born January 4, 1970) is an American woman from Rowlett, Texas, who was convicted of murdering her five-year-old son, Damon. Two of her sons, Damon and 6-year-old Devon, were killed in the attack, but she was only tried for the murder of Damon.',2,2),('1001','austria','theft',2,2),('143','Damon Murder Case','Darlie Lynn Peck Routier (born January 4, 1970) is an American woman from Rowlett, Texas, who was convicted of murdering her five-year-old son, Damon. Two of her sons, Damon and 6-year-old Devon, were killed in the attack, but she was only tried for the murder of Damon.',2,2),('1567','Damon Murder Case','Darlie Lynn Peck Routier (born January 4, 1970) is an American woman from Rowlett, Texas, who was convicted of murdering her five-year-old son, Damon. Two of her sons, Damon and 6-year-old Devon, were killed in the attack, but she was only tried for the murder of Damon.',1,2),('1822','Doubtful','hi',1,2),('189','demo','d',1,2),('197','123','theft',1,2),('198','Damon Murder Case','Darlie Lynn Peck Routier (born January 4, 1970) is an American woman from Rowlett, Texas, who was convicted of murdering her five-year-old son, Damon. Two of her sons, Damon and 6-year-old Devon, were killed in the attack, but she was only tried for the murder of Damon.',2,2),('2018','Damon Murder Case','Darlie Lynn Peck Routier (born January 4, 1970) is an American woman from Rowlett, Texas, who was convicted of murdering her five-year-old son, Damon. Two of her sons, Damon and 6-year-old Devon, were killed in the attack, but she was only tried for the murder of Damon.',2,2),('2564','Damon Murder Case','Darlie Lynn Peck Routier (born January 4, 1970) is an American woman from Rowlett, Texas, who was convicted of murdering her five-year-old son, Damon. Two of her sons, Damon and 6-year-old Devon, were killed in the attack, but she was only tried for the murder of Damon.',2,2),('342','Damon Murder Case','Darlie Lynn Peck Routier (born January 4, 1970) is an American woman from Rowlett, Texas, who was convicted of murdering her five-year-old son, Damon. Two of her sons, Damon and 6-year-old Devon, were killed in the attack, but she was only tried for the murder of Damon.',1,2),('34465','Damon Murder Case','Darlie Lynn Peck Routier (born January 4, 1970) is an American woman from Rowlett, Texas, who was convicted of murdering her five-year-old son, Damon. Two of her sons, Damon and 6-year-old Devon, were killed in the attack, but she was only tried for the murder of Damon.',2,2),('365','hi','hi',2,2),('543','Damon Murder Case','Darlie Lynn Peck Routier (born January 4, 1970) is an American woman from Rowlett, Texas, who was convicted of murdering her five-year-old son, Damon. Two of her sons, Damon and 6-year-old Devon, were killed in the attack, but she was only tried for the murder of Damon.',2,2),('54321','Damon Murder Case','Darlie Lynn Peck Routier (born January 4, 1970) is an American woman from Rowlett, Texas, who was convicted of murdering her five-year-old son, Damon. Two of her sons, Damon and 6-year-old Devon, were killed in the attack, but she was only tried for the murder of Damon.',2,2),('567','guig','hi',2,2),('56788','Damon Murder Case','Darlie Lynn Peck Routier (born January 4, 1970) is an American woman from Rowlett, Texas, who was convicted of murdering her five-year-old son, Damon. Two of her sons, Damon and 6-year-old Devon, were killed in the attack, but she was only tried for the murder of Damon.',2,2),('670','Damon Murder Case','Darlie Lynn Peck Routier (born January 4, 1970) is an American woman from Rowlett, Texas, who was convicted of murdering her five-year-old son, Damon. Two of her sons, Damon and 6-year-old Devon, were killed in the attack, but she was only tried for the murder of Damon.',1,2),('6754','Damon Murder Case','Darlie Lynn Peck Routier (born January 4, 1970) is an American woman from Rowlett, Texas, who was convicted of murdering her five-year-old son, Damon. Two of her sons, Damon and 6-year-old Devon, were killed in the attack, but she was only tried for the murder of Damon.',2,2),('786','Damon Murder Case','Darlie Lynn Peck Routier (born January 4, 1970) is an American woman from Rowlett, Texas, who was convicted of murdering her five-year-old son, Damon. Two of her sons, Damon and 6-year-old Devon, were killed in the attack, but she was only tried for the murder of Damon.',2,2),('7862','Damon Murder Case','Darlie Lynn Peck Routier (born January 4, 1970) is an American woman from Rowlett, Texas, who was convicted of murdering her five-year-old son, Damon. Two of her sons, Damon and 6-year-old Devon, were killed in the attack, but she was only tried for the murder of Damon.',1,2),('787','Damon Murder Case','Darlie Lynn Peck Routier (born January 4, 1970) is an American woman from Rowlett, Texas, who was convicted of murdering her five-year-old son, Damon. Two of her sons, Damon and 6-year-old Devon, were killed in the attack, but she was only tried for the murder of Damon.',3,2),('789','Damon Murder Case','Darlie Lynn Peck Routier (born January 4, 1970) is an American woman from Rowlett, Texas, who was convicted of murdering her five-year-old son, Damon. Two of her sons, Damon and 6-year-old Devon, were killed in the attack, but she was only tried for the murder of Damon.',2,2),('789O','Damon Murder Case','Darlie Lynn Peck Routier (born January 4, 1970) is an American woman from Rowlett, Texas, who was convicted of murdering her five-year-old son, Damon. Two of her sons, Damon and 6-year-old Devon, were killed in the attack, but she was only tried for the murder of Damon.',2,2),('875','Damon Murder Case','Darlie Lynn Peck Routier (born January 4, 1970) is an American woman from Rowlett, Texas, who was convicted of murdering her five-year-old son, Damon. Two of her sons, Damon and 6-year-old Devon, were killed in the attack, but she was only tried for the murder of Damon.',1,2),('876','Damon Murder Case','Darlie Lynn Peck Routier (born January 4, 1970) is an American woman from Rowlett, Texas, who was convicted of murdering her five-year-old son, Damon. Two of her sons, Damon and 6-year-old Devon, were killed in the attack, but she was only tried for the murder of Damon.',2,2),('8765','Damon Murder Case','Darlie Lynn Peck Routier (born January 4, 1970) is an American woman from Rowlett, Texas, who was convicted of murdering her five-year-old son, Damon. Two of her sons, Damon and 6-year-old Devon, were killed in the attack, but she was only tried for the murder of Damon.',2,2),('88888','Damon Murder Case','Darlie Lynn Peck Routier (born January 4, 1970) is an American woman from Rowlett, Texas, who was convicted of murdering her five-year-old son, Damon. Two of her sons, Damon and 6-year-old Devon, were killed in the attack, but she was only tried for the murder of Damon.',2,2),('895','Damon Murder Case','Darlie Lynn Peck Routier (born January 4, 1970) is an American woman from Rowlett, Texas, who was convicted of murdering her five-year-old son, Damon. Two of her sons, Damon and 6-year-old Devon, were killed in the attack, but she was only tried for the murder of Damon.',2,2),('9000','Damon Murder Case','Darlie Lynn Peck Routier (born January 4, 1970) is an American woman from Rowlett, Texas, who was convicted of murdering her five-year-old son, Damon. Two of her sons, Damon and 6-year-old Devon, were killed in the attack, but she was only tried for the murder of Damon.',3,2),('98','Damon Murder Case','Darlie Lynn Peck Routier (born January 4, 1970) is an American woman from Rowlett, Texas, who was convicted of murdering her five-year-old son, Damon. Two of her sons, Damon and 6-year-old Devon, were killed in the attack, but she was only tried for the murder of Damon.',2,2),('CR001','Damon Murder Case','Darlie Lynn Peck Routier (born January 4, 1970) is an American woman from Rowlett, Texas, who was convicted of murdering her five-year-old son, Damon. Two of her sons, Damon and 6-year-old Devon, were killed in the attack, but she was only tried for the murder of Damon.\nImmigration Location : Mountain View Unit, Texas',2,2),('IM001','Damon Murder Case','Darlie Lynn Peck Routier (born January 4, 1970) is an American woman from Rowlett, Texas, who was convicted of murdering her five-year-old son, Damon. Two of her sons, Damon and 6-year-old Devon, were killed in the attack, but she was only tried for the murder of Damon.',2,2),('J878','dcasd','d',4,2),('M001','Damon Murder Case','Darlie Lynn Peck Routier (born January 4, 1970) is an American woman from Rowlett, Texas, who was convicted of murdering her five-year-old son, Damon. Two of her sons, Damon and 6-year-old Devon, were killed in the attack, but she was only tried for the murder of Damon.',2,2),('MC001','Damon Murder Case','Darlie Lynn Peck Routier (born January 4, 1970) is an American woman from Rowlett, Texas, who was convicted of murdering her five-year-old son, Damon. Two of her sons, Damon and 6-year-old Devon, were killed in the attack, but she was only tried for the murder of Damon.',2,2),('MU001','Damon Murder Case','Darlie Lynn Peck Routier (born January 4, 1970) is an American woman from Rowlett, Texas, who was convicted of murdering her five-year-old son, Damon. Two of her sons, Damon and 6-year-old Devon, were killed in the attack, but she was only tried for the murder of Damon.',2,2),('MUR001','Damon Murder Case','Darlie Lynn Peck Routier (born January 4, 1970) is an American woman from Rowlett, Texas, who was convicted of murdering her five-year-old son, Damon. Two of her sons, Damon and 6-year-old Devon, were killed in the attack, but she was only tried for the murder of Damon.',2,2),('MURDER001','Damon Murder Case','Darlie Lynn Peck Routier (born January 4, 1970) is an American woman from Rowlett, Texas, who was convicted of murdering her five-year-old son, Damon. Two of her sons, Damon and 6-year-old Devon, were killed in the attack, but she was only tried for the murder of Damon.',2,2),('SA001','Damon Murder Case','Darlie Lynn Peck Routier (born January 4, 1970) is an American woman from Rowlett, Texas, who was convicted of murdering her five-year-old son, Damon. Two of her sons, Damon and 6-year-old Devon, were killed in the attack, but she was only tried for the murder of Damon.',2,2),('SE001','rygery','reyeruy',2,2),('SHIN0001','Damon Murder Case','Darlie Lynn Peck Routier (born January 4, 1970) is an American woman from Rowlett, Texas, who was convicted of murdering her five-year-old son, Damon. Two of her sons, Damon and 6-year-old Devon, were killed in the attack, but she was only tried for the murder of Damon.',2,2),('SW001','Damon Murder Case','Darlie Lynn Peck Routier (born January 4, 1970) is an American woman from Rowlett, Texas, who was convicted of murdering her five-year-old son, Damon. Two of her sons, Damon and 6-year-old Devon, were killed in the attack, but she was only tried for the murder of Damon.',2,2),('TEST1','123','xxxxx',1,2),('YJFGJ','Damon Murder Case','Darlie Lynn Peck Routier (born January 4, 1970) is an American woman from Rowlett, Texas, who was convicted of murdering her five-year-old son, Damon. Two of her sons, Damon and 6-year-old Devon, were killed in the attack, but she was only tried for the murder of Damon.',2,2);
/*!40000 ALTER TABLE `caseinfo` ENABLE KEYS */;
UNLOCK TABLES;

--
-- Table structure for table `casestatus`
--

DROP TABLE IF EXISTS `casestatus`;
/*!40101 SET @saved_cs_client     = @@character_set_client */;
/*!40101 SET character_set_client = utf8 */;
CREATE TABLE `casestatus` (
  `CASESTATUSID` int(11) NOT NULL AUTO_INCREMENT,
  `STATUS` varchar(255) DEFAULT NULL,
  `STATUSDESCRIPTION` varchar(255) DEFAULT NULL,
  PRIMARY KEY (`CASESTATUSID`),
  UNIQUE KEY `STATUS` (`STATUS`)
) ENGINE=InnoDB AUTO_INCREMENT=5 DEFAULT CHARSET=utf8;
/*!40101 SET character_set_client = @saved_cs_client */;

--
-- Dumping data for table `casestatus`
--

LOCK TABLES `casestatus` WRITE;
/*!40000 ALTER TABLE `casestatus` DISABLE KEYS */;
INSERT INTO `casestatus` VALUES (1,'Closed','Case Over'),(2,'Active','Existing Cases'),(3,'Reopen','Reopen Cases'),(4,'Otherz','Other Cases');
/*!40000 ALTER TABLE `casestatus` ENABLE KEYS */;
UNLOCK TABLES;

--
-- Table structure for table `casetype`
--

DROP TABLE IF EXISTS `casetype`;
/*!40101 SET @saved_cs_client     = @@character_set_client */;
/*!40101 SET character_set_client = utf8 */;
CREATE TABLE `casetype` (
  `CASETYPEID` int(11) NOT NULL AUTO_INCREMENT,
  `CASETYPE` varchar(255) DEFAULT NULL,
  `TYPEDESCRIPTION` varchar(255) DEFAULT NULL,
  PRIMARY KEY (`CASETYPEID`),
  UNIQUE KEY `CASETYPE` (`CASETYPE`)
) ENGINE=InnoDB AUTO_INCREMENT=7 DEFAULT CHARSET=utf8;
/*!40101 SET character_set_client = @saved_cs_client */;

--
-- Dumping data for table `casetype`
--

LOCK TABLES `casetype` WRITE;
/*!40000 ALTER TABLE `casetype` DISABLE KEYS */;
INSERT INTO `casetype` VALUES (1,'Civil','Civil Cases'),(2,'Criminal','Criminal Cases'),(3,'Family','Family Cases'),(4,'Others','Other Cases'),(5,'Probate','Probate Cases'),(6,'Divorce','Divorce Cases');
/*!40000 ALTER TABLE `casetype` ENABLE KEYS */;
UNLOCK TABLES;

--
-- Table structure for table `court`
--

DROP TABLE IF EXISTS `court`;
/*!40101 SET @saved_cs_client     = @@character_set_client */;
/*!40101 SET character_set_client = utf8 */;
CREATE TABLE `court` (
  `COURTID` int(11) NOT NULL AUTO_INCREMENT,
  `COURTNAME` varchar(255) DEFAULT NULL,
  `COURTDETAILS` varchar(255) DEFAULT NULL,
  `LOCATIONID` int(11) DEFAULT NULL,
  PRIMARY KEY (`COURTID`),
  KEY `FK3D5596B4AA8CE4A` (`LOCATIONID`),
  CONSTRAINT `FK3D5596B4AA8CE4A` FOREIGN KEY (`LOCATIONID`) REFERENCES `location` (`LOCATIONID`)
) ENGINE=InnoDB AUTO_INCREMENT=1005 DEFAULT CHARSET=utf8;
/*!40101 SET character_set_client = @saved_cs_client */;

--
-- Dumping data for table `court`
--

LOCK TABLES `court` WRITE;
/*!40000 ALTER TABLE `court` DISABLE KEYS */;
INSERT INTO `court` VALUES (1001,'SC','Supreme Court',1001),(1002,'SenzIT','SenzIT Court',1002),(1003,'HC','HIGH COURT',1001),(1004,'LC','LOWER COURT',1001);
/*!40000 ALTER TABLE `court` ENABLE KEYS */;
UNLOCK TABLES;

--
-- Table structure for table `landepath`
--

DROP TABLE IF EXISTS `landepath`;
/*!40101 SET @saved_cs_client     = @@character_set_client */;
/*!40101 SET character_set_client = utf8 */;
CREATE TABLE `landepath` (
  `USERNAME` varchar(255) NOT NULL,
  `LEPATH` varchar(255) DEFAULT NULL,
  PRIMARY KEY (`USERNAME`),
  KEY `FKFA9EA2DF687B5A26` (`USERNAME`),
  CONSTRAINT `FKFA9EA2DF687B5A26` FOREIGN KEY (`USERNAME`) REFERENCES `user` (`USERNAME`)
) ENGINE=InnoDB DEFAULT CHARSET=utf8;
/*!40101 SET character_set_client = @saved_cs_client */;

--
-- Dumping data for table `landepath`
--

LOCK TABLES `landepath` WRITE;
/*!40000 ALTER TABLE `landepath` DISABLE KEYS */;
INSERT INTO `landepath` VALUES ('please00','/home/rebbon/Documents/apache-tomcat-7.0.54/webapps/LnE'),('senzit123','F:\\apache-tomcat-7.0.34\\webapps'),('shintvpm','/home/rebbon/Documents/apache-tomcat-7.0.54/webapps/LnE');
/*!40000 ALTER TABLE `landepath` ENABLE KEYS */;
UNLOCK TABLES;

--
-- Table structure for table `location`
--

DROP TABLE IF EXISTS `location`;
/*!40101 SET @saved_cs_client     = @@character_set_client */;
/*!40101 SET character_set_client = utf8 */;
CREATE TABLE `location` (
  `LOCATIONID` int(11) NOT NULL AUTO_INCREMENT,
  `LOCATIONNAME` varchar(255) DEFAULT NULL,
  `LOCATIONDESCRIPTION` varchar(255) DEFAULT NULL,
  PRIMARY KEY (`LOCATIONID`)
) ENGINE=InnoDB AUTO_INCREMENT=1004 DEFAULT CHARSET=utf8;
/*!40101 SET character_set_client = @saved_cs_client */;

--
-- Dumping data for table `location`
--

LOCK TABLES `location` WRITE;
/*!40000 ALTER TABLE `location` DISABLE KEYS */;
INSERT INTO `location` VALUES (1001,'India','This is India'),(1002,'Technopark','Trivandrum Technopark'),(1003,'hgkghkghk','ghkghkghkgh');
/*!40000 ALTER TABLE `location` ENABLE KEYS */;
UNLOCK TABLES;

--
-- Table structure for table `mobdata`
--

DROP TABLE IF EXISTS `mobdata`;
/*!40101 SET @saved_cs_client     = @@character_set_client */;
/*!40101 SET character_set_client = utf8 */;
CREATE TABLE `mobdata` (
  `RANDOMCODE` varchar(255) NOT NULL,
  `FILETYPE` varchar(255) DEFAULT NULL,
  `DETAIL` varchar(255) DEFAULT NULL,
  `DESCRIPTION` varchar(255) DEFAULT NULL,
  `LATITUDE` varchar(255) DEFAULT NULL,
  `LONGITUDE` varchar(255) DEFAULT NULL,
  `CREATEDON` datetime DEFAULT NULL,
  `CREATEDBY` varchar(255) DEFAULT NULL,
  `STATUS` varchar(255) DEFAULT NULL,
  PRIMARY KEY (`RANDOMCODE`),
  KEY `FK73D0A28A2EA46885` (`CREATEDBY`),
  CONSTRAINT `FK73D0A28A2EA46885` FOREIGN KEY (`CREATEDBY`) REFERENCES `mobuser` (`EMAIL`)
) ENGINE=InnoDB DEFAULT CHARSET=utf8;
/*!40101 SET character_set_client = @saved_cs_client */;

--
-- Dumping data for table `mobdata`
--

LOCK TABLES `mobdata` WRITE;
/*!40000 ALTER TABLE `mobdata` DISABLE KEYS */;
/*!40000 ALTER TABLE `mobdata` ENABLE KEYS */;
UNLOCK TABLES;

--
-- Table structure for table `mobfile`
--

DROP TABLE IF EXISTS `mobfile`;
/*!40101 SET @saved_cs_client     = @@character_set_client */;
/*!40101 SET character_set_client = utf8 */;
CREATE TABLE `mobfile` (
  `FILEID` int(11) NOT NULL AUTO_INCREMENT,
  `FILENAME` varchar(255) DEFAULT NULL,
  `randomCode` varchar(255) DEFAULT NULL,
  PRIMARY KEY (`FILEID`),
  KEY `FK73D1A85C11DD7455` (`randomCode`),
  CONSTRAINT `FK73D1A85C11DD7455` FOREIGN KEY (`randomCode`) REFERENCES `mobdata` (`RANDOMCODE`)
) ENGINE=InnoDB DEFAULT CHARSET=utf8;
/*!40101 SET character_set_client = @saved_cs_client */;

--
-- Dumping data for table `mobfile`
--

LOCK TABLES `mobfile` WRITE;
/*!40000 ALTER TABLE `mobfile` DISABLE KEYS */;
/*!40000 ALTER TABLE `mobfile` ENABLE KEYS */;
UNLOCK TABLES;

--
-- Table structure for table `mobuser`
--

DROP TABLE IF EXISTS `mobuser`;
/*!40101 SET @saved_cs_client     = @@character_set_client */;
/*!40101 SET character_set_client = utf8 */;
CREATE TABLE `mobuser` (
  `EMAIL` varchar(255) NOT NULL,
  `PASSWORD` varchar(255) DEFAULT NULL,
  PRIMARY KEY (`EMAIL`)
) ENGINE=InnoDB DEFAULT CHARSET=utf8;
/*!40101 SET character_set_client = @saved_cs_client */;

--
-- Dumping data for table `mobuser`
--

LOCK TABLES `mobuser` WRITE;
/*!40000 ALTER TABLE `mobuser` DISABLE KEYS */;
INSERT INTO `mobuser` VALUES ('deepak.senzit@gmail.com','1234'),('deepak@gmail.com','deepak123'),('shibi@senzit.net','senzit15'),('titto.a@senzit.net','senzit2015'),('tittoalex@gmail.com','titto123'),('tittoalex@live.com','senzit123'),(' ',' '),('','');
/*!40000 ALTER TABLE `mobuser` ENABLE KEYS */;
UNLOCK TABLES;

--
-- Table structure for table `participant`
--

DROP TABLE IF EXISTS `participant`;
/*!40101 SET @saved_cs_client     = @@character_set_client */;
/*!40101 SET character_set_client = utf8 */;
CREATE TABLE `participant` (
  `PARTICIPANTID` int(11) NOT NULL AUTO_INCREMENT,
  `PARTICIPANTNAME` varchar(255) DEFAULT NULL,
  `PARTICIPANTCATEGORY` varchar(255) DEFAULT NULL,
  `CASEEVENTDETAILID` int(11) DEFAULT NULL,
  PRIMARY KEY (`PARTICIPANTID`),
  KEY `FKAE118313FAC1902C` (`CASEEVENTDETAILID`),
  CONSTRAINT `FKAE118313FAC1902C` FOREIGN KEY (`CASEEVENTDETAILID`) REFERENCES `caseeventdetail` (`CASEEVENTDETAILID`)
) ENGINE=InnoDB AUTO_INCREMENT=11881 DEFAULT CHARSET=utf8;
/*!40101 SET character_set_client = @saved_cs_client */;

--
-- Dumping data for table `participant`
--

LOCK TABLES `participant` WRITE;
/*!40000 ALTER TABLE `participant` DISABLE KEYS */;
INSERT INTO `participant` VALUES (9121,'Officer 1,Officer 2','judge',2281),(9131,'','lawyer',2281),(9141,'','participant',2281),(9151,'Watson Officer 1,Watson Officer 2','other',2281),(9161,'Officer 1,Officer 2','judge',2291),(9171,'','lawyer',2291),(9181,'','participant',2291),(9191,'Watson Officer 1,Watson Officer 2','other',2291),(9201,'Officer 1,Officer 2','judge',2301),(9211,'','lawyer',2301),(9221,'','participant',2301),(9231,'Watson Officer 1,Watson Officer 2','other',2301),(9241,'Police 1,Police 2','judge',2311),(9251,'','lawyer',2311),(9261,'','participant',2311),(9271,'Watson Officer 1,Watson Officer 2','other',2311),(9281,'Police 1,Police 2','judge',2321),(9291,'','lawyer',2321),(9301,'','participant',2321),(9311,'Watson Officer 1,Watson Officer 2','other',2321),(9321,'Judge 1,Judge 2','judge',2341),(9331,'Lawyer 1,Lawyer 2','lawyer',2341),(9341,'','participant',2341),(9351,'Watson Officer 1,Watson Officer 2','other',2341),(9361,'Officer 1,Officer 2','judge',2351),(9371,'','lawyer',2351),(9381,'','participant',2351),(9391,'Watson Officer 1,Watson Officer 2','other',2351),(9401,'Police 1,Police 2','judge',2361),(9411,'','lawyer',2361),(9421,'','participant',2361),(9431,'Watson Officer 1,Watson Officer 2','other',2361),(9441,'Vincent DiMaio,Routier','judge',2371),(9451,'Douglas Mulder,San Antonio','lawyer',2371),(9461,'','participant',2371),(9471,'Watson Officer 1,Watson Officer 2','other',2371),(9481,'Vincent DiMaio,Routier','judge',2381),(9491,'Douglas Mulder,San Antonio','lawyer',2381),(9501,'','participant',2381),(9511,'Watson Officer 1,Watson Officer 2','other',2381),(9521,'Vincent DiMaio,Routier','judge',2391),(9531,'Douglas Mulder,San Antonio','lawyer',2391),(9541,'','participant',2391),(9551,'Watson Officer 1,Watson Officer 2','other',2391),(9561,'Officer 1,Officer 2','judge',2401),(9571,'','lawyer',2401),(9581,'','participant',2401),(9591,'Watson Officer 1,Watson Officer 2','other',2401),(9601,'Police 1,Police 2','judge',2411),(9611,'','lawyer',2411),(9621,'','participant',2411),(9631,'Watson Officer 1,Watson Officer 2','other',2411),(9641,'Officer 1,Officer 2','judge',2421),(9651,'','lawyer',2421),(9661,'','participant',2421),(9671,'Watson Officer 1,Watson Officer 2','other',2421),(9681,'Officer 1,Officer 2','judge',2431),(9691,'','lawyer',2431),(9701,'','participant',2431),(9711,'Watson Officer 1,Watson Officer 2','other',2431),(9721,'Police 1,Police 2','judge',2441),(9731,'','lawyer',2441),(9741,'','participant',2441),(9751,'Watson Officer 1,Watson Officer 2','other',2441),(9761,'Vincent DiMaio,Routier','judge',2451),(9771,'Douglas Mulder,San Antonio','lawyer',2451),(9781,'','participant',2451),(9791,'Watson Officer 1,Watson Officer 2','other',2451),(9801,'Vincent DiMaio,Routier','judge',2461),(9811,'Douglas Mulder,San Antonio','lawyer',2461),(9821,'','participant',2461),(9831,'Watson Officer 1,Watson Officer 2','other',2461),(9841,'Vincent DiMaio,Routier','judge',2471),(9851,'Douglas Mulder,San Antonio','lawyer',2471),(9861,'','participant',2471),(9871,'Watson Officer 1,Watson Officer 2','other',2471),(9881,'Vincent DiMaio,Routier','judge',2481),(9891,'Douglas Mulder,San Antonio','lawyer',2481),(9901,'','participant',2481),(9911,'Watson Officer 1,Watson Officer 2','other',2481),(9921,'Vincent DiMaio,Routier','judge',2491),(9931,'Douglas Mulder,San Antonio','lawyer',2491),(9941,'','participant',2491),(9951,'Watson Officer 1,Watson Officer 2','other',2491),(9961,'Vincent DiMaio,Routier','judge',2501),(9971,'Douglas Mulder,San Antonio','lawyer',2501),(9981,'','participant',2501),(9991,'Watson Officer 1,Watson Officer 2','other',2501),(10001,'Vincent DiMaio,Routier','judge',2511),(10011,'Douglas Mulder,San Antonio','lawyer',2511),(10021,'','participant',2511),(10031,'Watson Officer 1,Watson Officer 2','other',2511),(10041,'Vincent DiMaio,Routier','judge',2521),(10051,'Douglas Mulder,San Antonio','lawyer',2521),(10061,'','participant',2521),(10071,'Watson Officer 1,Watson Officer 2','other',2521),(10081,'Vincent DiMaio,Routier','judge',2531),(10091,'Douglas Mulder,San Antonio','lawyer',2531),(10101,'','participant',2531),(10111,'Watson Officer 1,Watson Officer 2','other',2531),(10121,'Vincent DiMaio,Routier','judge',2541),(10131,'Douglas Mulder,San Antonio','lawyer',2541),(10141,'','participant',2541),(10151,'Watson Officer 1,Watson Officer 2','other',2541),(10161,'Police 1,Police 2','judge',2551),(10171,'','lawyer',2551),(10181,'','participant',2551),(10191,'Watson Officer 1,Watson Officer 2','other',2551),(10201,'Officer 1,Officer 2','judge',2561),(10211,'','lawyer',2561),(10221,'','participant',2561),(10231,'Watson Officer 1,Watson Officer 2','other',2561),(10241,'Vincent DiMaio,Routier','judge',2571),(10251,'Douglas Mulder,San Antonio','lawyer',2571),(10261,'','participant',2571),(10271,'Watson Officer 1,Watson Officer 2','other',2571),(10281,'Vincent DiMaio,Routier','judge',2581),(10291,'Douglas Mulder,San Antonio','lawyer',2581),(10301,'','participant',2581),(10311,'Watson Officer 1,Watson Officer 2','other',2581),(10321,'Vincent DiMaio,Routier','judge',2591),(10331,'Douglas Mulder,San Antonio','lawyer',2591),(10341,'','participant',2591),(10351,'Watson Officer 1,Watson Officer 2','other',2591),(10361,'Vincent DiMaio,Routier','judge',2601),(10371,'Douglas Mulder,San Antonio','lawyer',2601),(10381,'','participant',2601),(10391,'Watson Officer 1,Watson Officer 2','other',2601),(10401,'Vincent DiMaio,Routier','judge',2611),(10411,'Douglas Mulder,San Antonio','lawyer',2611),(10421,'','participant',2611),(10431,'Watson Officer 1,Watson Officer 2','other',2611),(10441,'Vincent DiMaio,Routier','judge',2621),(10451,'Douglas Mulder,San Antonio','lawyer',2621),(10461,'','participant',2621),(10471,'Watson Officer 1,Watson Officer 2','other',2621),(10481,'Vincent DiMaio,Routier','judge',2631),(10491,'Douglas Mulder,San Antonio','lawyer',2631),(10501,'','participant',2631),(10511,'Watson Officer 1,Watson Officer 2','other',2631),(10521,'Officer 1,Officer 2','judge',2641),(10531,'','lawyer',2641),(10541,'','participant',2641),(10551,'Watson Officer 1,Watson Officer 2','other',2641),(10561,'Officer 1,Officer 2','judge',2651),(10571,'','lawyer',2651),(10581,'','participant',2651),(10591,'Watson Officer 1,Watson Officer 2','other',2651),(10601,'Vincent DiMaio,Routier','judge',2661),(10611,'Douglas Mulder,San Antonio','lawyer',2661),(10621,'','participant',2661),(10631,'Watson Officer 1,Watson Officer 2','other',2661),(10641,'Vincent DiMaio,Routier','judge',2671),(10651,'Douglas Mulder,San Antonio','lawyer',2671),(10661,'','participant',2671),(10671,'Watson Officer 1,Watson Officer 2','other',2671),(10681,'Police 1,Police 2','judge',2681),(10691,'','lawyer',2681),(10701,'','participant',2681),(10711,'Watson Officer 1,Watson Officer 2','other',2681),(10721,'Vincent DiMaio,Routier','judge',2691),(10731,'Douglas Mulder,San Antonio','lawyer',2691),(10741,'','participant',2691),(10751,'Watson Officer 1,Watson Officer 2','other',2691),(10761,'Vincent DiMaio,Routier','judge',2701),(10771,'Douglas Mulder,San Antonio','lawyer',2701),(10781,'','participant',2701),(10791,'Watson Officer 1,Watson Officer 2','other',2701),(10801,'Vincent DiMaio,Routier','judge',2711),(10811,'Douglas Mulder,San Antonio','lawyer',2711),(10821,'','participant',2711),(10831,'Watson Officer 1,Watson Officer 2','other',2711),(10841,'Vincent DiMaio,Routier','judge',2721),(10851,'Douglas Mulder,San Antonio','lawyer',2721),(10861,'','participant',2721),(10871,'Watson Officer 1,Watson Officer 2','other',2721),(10881,'Vincent DiMaio,Routier','judge',2731),(10891,'Douglas Mulder,San Antonio','lawyer',2731),(10901,'','participant',2731),(10911,'Watson Officer 1,Watson Officer 2','other',2731),(10921,'Vincent DiMaio,Routier','judge',2741),(10931,'Douglas Mulder,San Antonio','lawyer',2741),(10941,'','participant',2741),(10951,'Watson Officer 1,Watson Officer 2','other',2741),(10961,'Vincent DiMaio,Routier','judge',2751),(10971,'Vincent DiMaio,Routier','judge',2761),(10981,'Douglas Mulder,San Antonio','lawyer',2751),(10991,'Douglas Mulder,San Antonio','lawyer',2761),(11001,'','participant',2751),(11011,'Watson Officer 1,Watson Officer 2','other',2751),(11021,'','participant',2761),(11031,'Watson Officer 1,Watson Officer 2','other',2761),(11041,'Vincent DiMaio,Routier','judge',2771),(11051,'Douglas Mulder,San Antonio','lawyer',2771),(11061,'Vincent DiMaio,Routier','judge',2781),(11071,'','participant',2771),(11081,'Douglas Mulder,San Antonio','lawyer',2781),(11091,'Watson Officer 1,Watson Officer 2','other',2771),(11101,'','participant',2781),(11111,'Watson Officer 1,Watson Officer 2','other',2781),(11121,'Vincent DiMaio,Routier','judge',2791),(11131,'Douglas Mulder,San Antonio','lawyer',2791),(11141,'','participant',2791),(11151,'Watson Officer 1,Watson Officer 2','other',2791),(11161,'Vincent DiMaio,Routier','judge',2801),(11171,'Douglas Mulder,San Antonio','lawyer',2801),(11181,'','participant',2801),(11191,'Watson Officer 1,Watson Officer 2','other',2801),(11201,'Vincent DiMaio,Routier','judge',2811),(11211,'Douglas Mulder,San Antonio','lawyer',2811),(11221,'','participant',2811),(11231,'Watson Officer 1,Watson Officer 2','other',2811),(11241,'Vincent DiMaio,Routier','judge',2821),(11251,'Douglas Mulder,San Antonio','lawyer',2821),(11261,'','participant',2821),(11271,'Watson Officer 1,Watson Officer 2','other',2821),(11281,'Vincent DiMaio,Routier','judge',2831),(11291,'Douglas Mulder,San Antonio','lawyer',2831),(11301,'','participant',2831),(11311,'Watson Officer 1,Watson Officer 2','other',2831),(11321,'Vincent DiMaio,Routier','judge',2841),(11331,'Douglas Mulder,San Antonio','lawyer',2841),(11341,'','participant',2841),(11351,'Watson Officer 1,Watson Officer 2','other',2841),(11361,'Vincent DiMaio,Routier','judge',2851),(11371,'Douglas Mulder,San Antonio','lawyer',2851),(11381,'','participant',2851),(11391,'Watson Officer 1,Watson Officer 2','other',2851),(11401,'Vincent DiMaio,Routier','judge',2861),(11411,'Douglas Mulder,San Antonio','lawyer',2861),(11421,'','participant',2861),(11431,'Watson Officer 1,Watson Officer 2','other',2861),(11441,'Vincent DiMaio,Routier','judge',2871),(11451,'Douglas Mulder,San Antonio','lawyer',2871),(11461,'','participant',2871),(11471,'Watson Officer 1,Watson Officer 2','other',2871),(11481,'Vincent DiMaio,Routier','judge',2881),(11491,'Douglas Mulder,San Antonio','lawyer',2881),(11501,'','participant',2881),(11511,'Watson Officer 1,Watson Officer 2','other',2881),(11521,'Vincent DiMaio,Routier','judge',2891),(11531,'Douglas Mulder,San Antonio','lawyer',2891),(11541,'','participant',2891),(11551,'Watson Officer 1,Watson Officer 2','other',2891),(11561,'Police 1,Police 2','judge',2901),(11571,'','lawyer',2901),(11581,'','participant',2901),(11591,'Watson Officer 1,Watson Officer 2','other',2901),(11601,'Vincent DiMaio,Routier','judge',2911),(11611,'Douglas Mulder,San Antonio','lawyer',2911),(11621,'','participant',2911),(11631,'Watson Officer 1,Watson Officer 2','other',2911),(11641,'Police 1,Police 2','judge',2921),(11651,'','lawyer',2921),(11661,'','participant',2921),(11671,'Watson Officer 1,Watson Officer 2','other',2921),(11681,'Vincent DiMaio,Routier','judge',2931),(11691,'Douglas Mulder,San Antonio','lawyer',2931),(11701,'','participant',2931),(11711,'Watson Officer 1,Watson Officer 2','other',2931),(11721,'Vincent DiMaio,Routier','judge',2941),(11731,'Douglas Mulder,San Antonio','lawyer',2941),(11741,'','participant',2941),(11751,'Watson Officer 1,Watson Officer 2','other',2941),(11761,'Vincent DiMaio,Routier','judge',2951),(11771,'Douglas Mulder,San Antonio','lawyer',2951),(11781,'','participant',2951),(11791,'Watson Officer 1,Watson Officer 2','other',2951),(11801,'Vincent DiMaio,Routier','judge',2961),(11811,'Douglas Mulder,San Antonio','lawyer',2961),(11821,'','participant',2961),(11831,'Watson Officer 1,Watson Officer 2','other',2961),(11841,'Vincent DiMaio,Routier','judge',2971),(11851,'Douglas Mulder,San Antonio','lawyer',2971),(11861,'','participant',2971),(11871,'Watson Officer 1,Watson Officer 2','other',2971);
/*!40000 ALTER TABLE `participant` ENABLE KEYS */;
UNLOCK TABLES;

--
-- Table structure for table `privatenote`
--

DROP TABLE IF EXISTS `privatenote`;
/*!40101 SET @saved_cs_client     = @@character_set_client */;
/*!40101 SET character_set_client = utf8 */;
CREATE TABLE `privatenote` (
  `PRIVATENOTEID` int(11) NOT NULL AUTO_INCREMENT,
  `PRIVATENOTES` varchar(255) DEFAULT NULL,
  `CREATEDON` datetime DEFAULT NULL,
  `CREATEDBY` varchar(255) DEFAULT NULL,
  `CASEEVENTDETAILID` int(11) DEFAULT NULL,
  PRIMARY KEY (`PRIVATENOTEID`),
  KEY `FKF5E3EFD59BFC428F` (`CREATEDBY`),
  KEY `FKF5E3EFD5FAC1902C` (`CASEEVENTDETAILID`),
  CONSTRAINT `FKF5E3EFD59BFC428F` FOREIGN KEY (`CREATEDBY`) REFERENCES `user` (`USERNAME`),
  CONSTRAINT `FKF5E3EFD5FAC1902C` FOREIGN KEY (`CASEEVENTDETAILID`) REFERENCES `caseeventdetail` (`CASEEVENTDETAILID`)
) ENGINE=InnoDB AUTO_INCREMENT=31 DEFAULT CHARSET=utf8;
/*!40101 SET character_set_client = @saved_cs_client */;

--
-- Dumping data for table `privatenote`
--

LOCK TABLES `privatenote` WRITE;
/*!40000 ALTER TABLE `privatenote` DISABLE KEYS */;
/*!40000 ALTER TABLE `privatenote` ENABLE KEYS */;
UNLOCK TABLES;

--
-- Table structure for table `privilege`
--

DROP TABLE IF EXISTS `privilege`;
/*!40101 SET @saved_cs_client     = @@character_set_client */;
/*!40101 SET character_set_client = utf8 */;
CREATE TABLE `privilege` (
  `PRIVILEGEID` int(11) NOT NULL AUTO_INCREMENT,
  `PRIVILEGE` varchar(255) DEFAULT NULL,
  PRIMARY KEY (`PRIVILEGEID`)
) ENGINE=InnoDB AUTO_INCREMENT=16 DEFAULT CHARSET=utf8;
/*!40101 SET character_set_client = @saved_cs_client */;

--
-- Dumping data for table `privilege`
--

LOCK TABLES `privilege` WRITE;
/*!40000 ALTER TABLE `privilege` DISABLE KEYS */;
INSERT INTO `privilege` VALUES (1,'EviRecorder'),(2,'EviPlayer'),(3,'EviLogNotes'),(4,'EviAnalytics'),(5,'EviTranslator'),(6,'EviBroadcast'),(7,'EviSecure'),(8,'Cloud Services'),(9,'EviEdit'),(10,'PrivateNote'),(11,'ghkghkghkgh'),(12,'dfhdfh'),(13,'fgjfgj'),(14,'rrr'),(15,'MYTest1');
/*!40000 ALTER TABLE `privilege` ENABLE KEYS */;
UNLOCK TABLES;

--
-- Table structure for table `role`
--

DROP TABLE IF EXISTS `role`;
/*!40101 SET @saved_cs_client     = @@character_set_client */;
/*!40101 SET character_set_client = utf8 */;
CREATE TABLE `role` (
  `ROLEID` int(11) NOT NULL AUTO_INCREMENT,
  `ROLENAME` varchar(255) DEFAULT NULL,
  `ROLEDESCRIPTION` varchar(255) DEFAULT NULL,
  PRIMARY KEY (`ROLEID`)
) ENGINE=InnoDB AUTO_INCREMENT=6 DEFAULT CHARSET=utf8;
/*!40101 SET character_set_client = @saved_cs_client */;

--
-- Dumping data for table `role`
--

LOCK TABLES `role` WRITE;
/*!40000 ALTER TABLE `role` DISABLE KEYS */;
INSERT INTO `role` VALUES (1,'VOD','Player Privilege'),(2,'admin','Full Privilege'),(3,'Clerk','Full Privilege'),(4,'Judge','Judge Privilege'),(5,'Remote User','Access via HTTP');
/*!40000 ALTER TABLE `role` ENABLE KEYS */;
UNLOCK TABLES;

--
-- Table structure for table `securityquestion`
--

DROP TABLE IF EXISTS `securityquestion`;
/*!40101 SET @saved_cs_client     = @@character_set_client */;
/*!40101 SET character_set_client = utf8 */;
CREATE TABLE `securityquestion` (
  `USERNAME` varchar(255) NOT NULL,
  `QUESTION1` varchar(255) DEFAULT NULL,
  `ANSWER1` varchar(255) DEFAULT NULL,
  `QUESTION2` varchar(255) DEFAULT NULL,
  `ANSWER2` varchar(255) DEFAULT NULL,
  `QUESTION3` varchar(255) DEFAULT NULL,
  `ANSWER3` varchar(255) DEFAULT NULL,
  PRIMARY KEY (`USERNAME`),
  KEY `FK32255326687B5A26` (`USERNAME`),
  CONSTRAINT `FK32255326687B5A26` FOREIGN KEY (`USERNAME`) REFERENCES `user` (`USERNAME`)
) ENGINE=InnoDB DEFAULT CHARSET=utf8;
/*!40101 SET character_set_client = @saved_cs_client */;

--
-- Dumping data for table `securityquestion`
--

LOCK TABLES `securityquestion` WRITE;
/*!40000 ALTER TABLE `securityquestion` DISABLE KEYS */;
INSERT INTO `securityquestion` VALUES ('administrator','What was your childhood nickname?','admin','What is your pet\'s name?','admin','What is the name of the first school you attended?','admin'),('ammu123','What was your childhood nickname?','au','What is your pet\'s name?','au','What is your favorite team?','au'),('anumol123','What was your childhood nickname?','anu','What is your pet\'s name?','anu','What is your favorite team?','anu'),('athira123','What was your childhood nickname?','s','What is your pet\'s name?','s','What is your favorite team?','s'),('Evidencer12','What was your childhood nickname?','SenzIT','What is your pet\'s name?','SenzIT','Who was your favorite author?','SenzIT'),('manutvpm1','What was your childhood nickname?','fgdxfg','What is your pet\'s name?','dsgsg','What is the name of your favorite teacher?','dgsdg'),('please00','What was your childhood nickname?','dgd','What is your pet\'s name?','dgdg','Who was your favorite author?','gsdg'),('sabin007','What was your childhood nickname?','sabi','What is your pet\'s name?','patti','What is your favorite team?','asd'),('Sangeetha','In what county where you born?','sdg','What is your pet\'s name?','dgdsf','What is the name of your hometown newspaper?','gdf'),('senzit123','Company name?','SenzIT','Company location?','Technopark','Company CEO?','Shibi'),('shibi2015','Company name?','SenzIT','Company location?','Technopark','Designation','CEO'),('shintvpm','What was your childhood nickname?','nvbvnvbn','Who was your childhood hero?','vnvbn','What is the name of your favorite teacher?','vnnvbnv');
/*!40000 ALTER TABLE `securityquestion` ENABLE KEYS */;
UNLOCK TABLES;

--
-- Table structure for table `user`
--

DROP TABLE IF EXISTS `user`;
/*!40101 SET @saved_cs_client     = @@character_set_client */;
/*!40101 SET character_set_client = utf8 */;
CREATE TABLE `user` (
  `USERNAME` varchar(255) NOT NULL,
  `FIRSTNAME` varchar(255) DEFAULT NULL,
  `MIDDLENAME` varchar(255) DEFAULT NULL,
  `LASTNAME` varchar(255) DEFAULT NULL,
  `PASSWORD` varchar(255) DEFAULT NULL,
  `PRIMARYEMAILID` varchar(255) DEFAULT NULL,
  `SECONDARYEMAILID` varchar(255) DEFAULT NULL,
  `PRIMARYMOBILENUMBER` varchar(255) DEFAULT NULL,
  `SECONDARYMOBILENUMBER` varchar(255) DEFAULT NULL,
  `USERTYPE` tinyint(4) DEFAULT NULL,
  `LASTMODIFIEDON` datetime DEFAULT NULL,
  `CREATEDON` datetime DEFAULT NULL,
  `CREATEDBY` varchar(255) DEFAULT NULL,
  `ROLEID` int(11) DEFAULT NULL,
  PRIMARY KEY (`USERNAME`),
  KEY `FK27E3CB4127AE0C` (`ROLEID`),
  CONSTRAINT `FK27E3CB4127AE0C` FOREIGN KEY (`ROLEID`) REFERENCES `role` (`ROLEID`)
) ENGINE=InnoDB DEFAULT CHARSET=utf8;
/*!40101 SET character_set_client = @saved_cs_client */;

--
-- Dumping data for table `user`
--

LOCK TABLES `user` WRITE;
/*!40000 ALTER TABLE `user` DISABLE KEYS */;
INSERT INTO `user` VALUES ('administrator','Evi','Senzit','Admin','admin1234','admin@senzit.net','admin@gmail.com','9895198951','9567705479',0,NULL,NULL,NULL,2),('ammu123','ammus','S','S','ammu123456','ammu@gmail.com','ammu@yahoo.com','9996378451','7896325410',NULL,NULL,NULL,NULL,NULL),('anumol123','anumol','s','s','anumol100','anu@gmail.com','anu@yahoo.com','7896325410','5623417890',NULL,NULL,NULL,NULL,NULL),('athira123','athira','s','babu','athira123','athiras32@yahoo.com','athirac32@gmail.com','9995918859','5656315656',NULL,NULL,NULL,NULL,NULL),('Evidencer12','Evidencer','SenzIT','SenzIT','Evidencer12','Evidencer12@senzit.net','SenzIT@gmail.com','9895198951','9567705479',1,NULL,NULL,NULL,1),('manutvpm1','manutvpm','dfgdf','gdfgfd','manutvpm1','shintvpfghfm@gmail.com','shisntvpm@gmail.com','9567705479','52444554544',1,NULL,NULL,NULL,1),('please00','Please','fwsfgws','sfgsgf','please00','please@senzit.net','wfwfw@senzit.net','9090909090','9099009090',NULL,NULL,NULL,NULL,NULL),('sabin007','Sabin','Babu','vk','sabin100','sabin@senzit.com','sabinb@senzit.net','8547632644','238723876823',1,NULL,NULL,NULL,3),('Sangeetha','Geetha','San','Geetha','GeethuGeethu','gee@g.net','dsaf@f.net','1236547896','12365478965',NULL,NULL,NULL,NULL,NULL),('senzit123','Wilson','Kat','Lee','senzit123','senzit@esenzit.com','lee@esoccer.com','9400940094','940094009455',1,NULL,NULL,NULL,3),('shibi2015','Shibi','Salim','Senzit','salim2015','shibimail@senzit.net','shibimail22@senzit.net','9400940094','94009400988',1,NULL,NULL,NULL,3),('shintvpm','SHIrrr','fdvbc','bcvbcvb','shintvpm','shintvpm@gmail.com','shinssoman@gmail.com','9567705479','19567705479',NULL,NULL,NULL,NULL,NULL);
/*!40000 ALTER TABLE `user` ENABLE KEYS */;
UNLOCK TABLES;

--
-- Table structure for table `userprivilege`
--

DROP TABLE IF EXISTS `userprivilege`;
/*!40101 SET @saved_cs_client     = @@character_set_client */;
/*!40101 SET character_set_client = utf8 */;
CREATE TABLE `userprivilege` (
  `USERPRIVILEGEID` int(11) NOT NULL AUTO_INCREMENT,
  `USERNAME` varchar(255) DEFAULT NULL,
  `PRIVILEGEID` int(11) DEFAULT NULL,
  `DATEOFPURCHASE` date DEFAULT NULL,
  `DATEOFEXPIRE` date DEFAULT NULL,
  PRIMARY KEY (`USERPRIVILEGEID`),
  KEY `FK59573726E1F3D7D8` (`PRIVILEGEID`),
  KEY `FK59573726687B5A26` (`USERNAME`),
  CONSTRAINT `FK59573726687B5A26` FOREIGN KEY (`USERNAME`) REFERENCES `user` (`USERNAME`),
  CONSTRAINT `FK59573726E1F3D7D8` FOREIGN KEY (`PRIVILEGEID`) REFERENCES `privilege` (`PRIVILEGEID`)
) ENGINE=InnoDB AUTO_INCREMENT=41 DEFAULT CHARSET=utf8;
/*!40101 SET character_set_client = @saved_cs_client */;

--
-- Dumping data for table `userprivilege`
--

LOCK TABLES `userprivilege` WRITE;
/*!40000 ALTER TABLE `userprivilege` DISABLE KEYS */;
INSERT INTO `userprivilege` VALUES (1,'senzit123',1,'2015-01-01','2017-01-01'),(2,'senzit123',2,'2015-01-01','2017-01-01'),(3,'senzit123',3,'2015-01-01','2017-01-01'),(4,'senzit123',4,'2015-01-01','2017-01-01'),(5,'senzit123',5,'2015-01-01','2017-01-01'),(6,'senzit123',6,'2015-01-01','2017-01-01'),(7,'senzit123',7,'2015-01-01','2017-01-01'),(8,'senzit123',8,'2015-01-01','2017-01-01'),(9,'senzit123',9,'2015-01-01','2017-01-01'),(10,'senzit123',10,'2015-01-01','2017-01-01'),(11,'shibi2015',1,'2015-01-01','2017-01-01'),(12,'shibi2015',2,'2015-01-01','2017-01-01'),(13,'shibi2015',3,'2015-01-01','2017-01-01'),(14,'shibi2015',4,'2015-01-01','2017-01-01'),(15,'shibi2015',5,'2015-01-01','2017-01-01'),(16,'shibi2015',6,'2015-01-01','2017-01-01'),(17,'shibi2015',7,'2015-01-01','2017-01-01'),(18,'shibi2015',8,'2015-01-01','2017-01-01'),(19,'shibi2015',9,'2015-01-01','2017-01-01'),(20,'shibi2015',10,'2015-01-01','2017-01-01'),(21,'administrator',1,'2015-06-05','2016-06-05'),(22,'administrator',2,'2015-06-05','2016-06-05'),(23,'administrator',3,'2015-06-05','2016-06-05'),(24,'administrator',4,'2015-06-05','2016-06-05'),(25,'administrator',5,'2015-06-05','2016-06-05'),(26,'administrator',6,'2015-06-05','2016-06-05'),(27,'administrator',7,'2015-06-05','2016-06-05'),(28,'administrator',8,'2015-06-05','2016-06-05'),(29,'administrator',9,'2015-06-05','2016-06-05'),(30,'administrator',10,'2015-06-05','2016-06-05'),(31,'sabin007',1,'2015-06-17','2016-06-05'),(32,'sabin007',2,'2015-06-17','2016-06-05'),(33,'sabin007',3,'2015-06-17','2016-06-05'),(34,'sabin007',4,'2015-06-17','2016-06-05'),(35,'sabin007',5,'2015-06-17','2016-06-05'),(36,'sabin007',6,'2015-06-17','2016-06-05'),(37,'sabin007',7,'2015-06-17','2016-06-05'),(38,'sabin007',8,'2015-06-17','2016-06-05'),(39,'sabin007',9,'2015-06-17','2016-06-05'),(40,'sabin007',10,'2015-06-17','2016-06-05');
/*!40000 ALTER TABLE `userprivilege` ENABLE KEYS */;
UNLOCK TABLES;

--
-- Table structure for table `usersession`
--

DROP TABLE IF EXISTS `usersession`;
/*!40101 SET @saved_cs_client     = @@character_set_client */;
/*!40101 SET character_set_client = utf8 */;
CREATE TABLE `usersession` (
  `USERNAME` varchar(255) NOT NULL,
  `SESSIONID` varchar(255) DEFAULT NULL,
  `CLIENTIP` varchar(255) DEFAULT NULL,
  `LOGINTIME` datetime DEFAULT NULL,
  `LASTREQUESTEDTIME` datetime DEFAULT NULL,
  PRIMARY KEY (`USERNAME`),
  KEY `FK816D604B687B5A26` (`USERNAME`),
  CONSTRAINT `FK816D604B687B5A26` FOREIGN KEY (`USERNAME`) REFERENCES `user` (`USERNAME`)
) ENGINE=InnoDB DEFAULT CHARSET=utf8;
/*!40101 SET character_set_client = @saved_cs_client */;

--
-- Dumping data for table `usersession`
--

LOCK TABLES `usersession` WRITE;
/*!40000 ALTER TABLE `usersession` DISABLE KEYS */;
/*!40000 ALTER TABLE `usersession` ENABLE KEYS */;
UNLOCK TABLES;
/*!40103 SET TIME_ZONE=@OLD_TIME_ZONE */;

/*!40101 SET SQL_MODE=@OLD_SQL_MODE */;
/*!40014 SET FOREIGN_KEY_CHECKS=@OLD_FOREIGN_KEY_CHECKS */;
/*!40014 SET UNIQUE_CHECKS=@OLD_UNIQUE_CHECKS */;
/*!40101 SET CHARACTER_SET_CLIENT=@OLD_CHARACTER_SET_CLIENT */;
/*!40101 SET CHARACTER_SET_RESULTS=@OLD_CHARACTER_SET_RESULTS */;
/*!40101 SET COLLATION_CONNECTION=@OLD_COLLATION_CONNECTION */;
/*!40111 SET SQL_NOTES=@OLD_SQL_NOTES */;

-- Dump completed on 2017-12-10 15:01:43
